d,seed,algorithm,ndcg,gh_list,embedding_cache_key,timestamp,runtime_sec
13,358056291,knnu,0.822,0.234,d13_seed358056291_svd,2026-02-20T23:07:20.573810,12.807248830795288
13,358056291,knnu td,0.609,0.236,d13_seed358056291_svd,2026-02-20T23:07:20.573810,12.807248830795288
13,358056291,knnu mmr,0.606,0.166,d13_seed358056291_svd,2026-02-20T23:07:20.573810,12.807248830795288
13,358056291,knni,0.767,0.241,d13_seed358056291_svd,2026-02-20T23:07:20.573810,12.807248830795288
13,358056291,knni td,0.728,0.24,d13_seed358056291_svd,2026-02-20T23:07:20.573810,12.807248830795288
13,358056291,knni mmr,0.673,0.168,d13_seed358056291_svd,2026-02-20T23:07:20.573810,12.807248830795288
13,358056291,svd,0.777,0.242,d13_seed358056291_svd,2026-02-20T23:07:20.573810,12.807248830795288
13,358056291,svd td,0.685,0.256,d13_seed358056291_svd,2026-02-20T23:07:20.573810,12.807248830795288
13,358056291,svd mmr,0.583,0.231,d13_seed358056291_svd,2026-02-20T23:07:20.573810,12.807248830795288
13,1576296115,knnu,0.822,0.234,d13_seed1576296115_svd,2026-02-20T23:07:30.207048,9.624279022216797
13,1576296115,knnu td,0.609,0.236,d13_seed1576296115_svd,2026-02-20T23:07:30.207048,9.624279022216797
13,1576296115,knnu mmr,0.608,0.166,d13_seed1576296115_svd,2026-02-20T23:07:30.207048,9.624279022216797
13,1576296115,knni,0.767,0.241,d13_seed1576296115_svd,2026-02-20T23:07:30.207048,9.624279022216797
13,1576296115,knni td,0.728,0.24,d13_seed1576296115_svd,2026-02-20T23:07:30.207048,9.624279022216797
13,1576296115,knni mmr,0.679,0.169,d13_seed1576296115_svd,2026-02-20T23:07:30.207048,9.624279022216797
13,1576296115,svd,0.777,0.242,d13_seed1576296115_svd,2026-02-20T23:07:30.207048,9.624279022216797
13,1576296115,svd td,0.685,0.256,d13_seed1576296115_svd,2026-02-20T23:07:30.207048,9.624279022216797
13,1576296115,svd mmr,0.582,0.231,d13_seed1576296115_svd,2026-02-20T23:07:30.207048,9.624279022216797
13,1631363395,knnu,0.822,0.234,d13_seed1631363395_svd,2026-02-20T23:07:40.271400,10.061853647232056
13,1631363395,knnu td,0.609,0.236,d13_seed1631363395_svd,2026-02-20T23:07:40.271400,10.061853647232056
13,1631363395,knnu mmr,0.606,0.166,d13_seed1631363395_svd,2026-02-20T23:07:40.271400,10.061853647232056
13,1631363395,knni,0.767,0.241,d13_seed1631363395_svd,2026-02-20T23:07:40.271400,10.061853647232056
13,1631363395,knni td,0.728,0.24,d13_seed1631363395_svd,2026-02-20T23:07:40.271400,10.061853647232056
13,1631363395,knni mmr,0.673,0.168,d13_seed1631363395_svd,2026-02-20T23:07:40.271400,10.061853647232056
13,1631363395,svd,0.777,0.242,d13_seed1631363395_svd,2026-02-20T23:07:40.271400,10.061853647232056
13,1631363395,svd td,0.685,0.256,d13_seed1631363395_svd,2026-02-20T23:07:40.271400,10.061853647232056
13,1631363395,svd mmr,0.581,0.229,d13_seed1631363395_svd,2026-02-20T23:07:40.271400,10.061853647232056
13,169153558,knnu,0.822,0.234,d13_seed169153558_svd,2026-02-20T23:07:50.610298,10.33544135093689
13,169153558,knnu td,0.609,0.236,d13_seed169153558_svd,2026-02-20T23:07:50.610298,10.33544135093689
13,169153558,knnu mmr,0.609,0.165,d13_seed169153558_svd,2026-02-20T23:07:50.610298,10.33544135093689
13,169153558,knni,0.767,0.241,d13_seed169153558_svd,2026-02-20T23:07:50.610298,10.33544135093689
13,169153558,knni td,0.728,0.24,d13_seed169153558_svd,2026-02-20T23:07:50.610298,10.33544135093689
13,169153558,knni mmr,0.687,0.168,d13_seed169153558_svd,2026-02-20T23:07:50.610298,10.33544135093689
13,169153558,svd,0.777,0.242,d13_seed169153558_svd,2026-02-20T23:07:50.610298,10.33544135093689
13,169153558,svd td,0.685,0.256,d13_seed169153558_svd,2026-02-20T23:07:50.610298,10.33544135093689
13,169153558,svd mmr,0.583,0.231,d13_seed169153558_svd,2026-02-20T23:07:50.610298,10.33544135093689
13,690066093,knnu,0.822,0.234,d13_seed690066093_svd,2026-02-20T23:08:00.660313,10.051116704940796
13,690066093,knnu td,0.609,0.236,d13_seed690066093_svd,2026-02-20T23:08:00.660313,10.051116704940796
13,690066093,knnu mmr,0.612,0.166,d13_seed690066093_svd,2026-02-20T23:08:00.660313,10.051116704940796
13,690066093,knni,0.767,0.241,d13_seed690066093_svd,2026-02-20T23:08:00.660313,10.051116704940796
13,690066093,knni td,0.728,0.24,d13_seed690066093_svd,2026-02-20T23:08:00.660313,10.051116704940796
13,690066093,knni mmr,0.677,0.168,d13_seed690066093_svd,2026-02-20T23:08:00.660313,10.051116704940796
13,690066093,svd,0.777,0.242,d13_seed690066093_svd,2026-02-20T23:08:00.660313,10.051116704940796
13,690066093,svd td,0.685,0.256,d13_seed690066093_svd,2026-02-20T23:08:00.660313,10.051116704940796
13,690066093,svd mmr,0.579,0.231,d13_seed690066093_svd,2026-02-20T23:08:00.660313,10.051116704940796
13,1098655442,knnu,0.822,0.234,d13_seed1098655442_svd,2026-02-20T23:08:10.595294,9.92756199836731
13,1098655442,knnu td,0.609,0.236,d13_seed1098655442_svd,2026-02-20T23:08:10.595294,9.92756199836731
13,1098655442,knnu mmr,0.607,0.167,d13_seed1098655442_svd,2026-02-20T23:08:10.595294,9.92756199836731
13,1098655442,knni,0.767,0.241,d13_seed1098655442_svd,2026-02-20T23:08:10.595294,9.92756199836731
13,1098655442,knni td,0.728,0.24,d13_seed1098655442_svd,2026-02-20T23:08:10.595294,9.92756199836731
13,1098655442,knni mmr,0.688,0.168,d13_seed1098655442_svd,2026-02-20T23:08:10.595294,9.92756199836731
13,1098655442,svd,0.777,0.242,d13_seed1098655442_svd,2026-02-20T23:08:10.595294,9.92756199836731
13,1098655442,svd td,0.685,0.256,d13_seed1098655442_svd,2026-02-20T23:08:10.595294,9.92756199836731
13,1098655442,svd mmr,0.58,0.23,d13_seed1098655442_svd,2026-02-20T23:08:10.595294,9.92756199836731
13,633259162,knnu,0.822,0.234,d13_seed633259162_svd,2026-02-20T23:08:21.075539,10.47605848312378
13,633259162,knnu td,0.609,0.236,d13_seed633259162_svd,2026-02-20T23:08:21.075539,10.47605848312378
13,633259162,knnu mmr,0.607,0.165,d13_seed633259162_svd,2026-02-20T23:08:21.075539,10.47605848312378
13,633259162,knni,0.767,0.241,d13_seed633259162_svd,2026-02-20T23:08:21.075539,10.47605848312378
13,633259162,knni td,0.728,0.24,d13_seed633259162_svd,2026-02-20T23:08:21.075539,10.47605848312378
13,633259162,knni mmr,0.678,0.168,d13_seed633259162_svd,2026-02-20T23:08:21.075539,10.47605848312378
13,633259162,svd,0.777,0.242,d13_seed633259162_svd,2026-02-20T23:08:21.075539,10.47605848312378
13,633259162,svd td,0.685,0.256,d13_seed633259162_svd,2026-02-20T23:08:21.075539,10.47605848312378
13,633259162,svd mmr,0.58,0.23,d13_seed633259162_svd,2026-02-20T23:08:21.075539,10.47605848312378
13,2047321531,knnu,0.822,0.234,d13_seed2047321531_svd,2026-02-20T23:08:31.459207,10.379401683807373
13,2047321531,knnu td,0.609,0.236,d13_seed2047321531_svd,2026-02-20T23:08:31.459207,10.379401683807373
13,2047321531,knnu mmr,0.604,0.165,d13_seed2047321531_svd,2026-02-20T23:08:31.459207,10.379401683807373
13,2047321531,knni,0.767,0.241,d13_seed2047321531_svd,2026-02-20T23:08:31.459207,10.379401683807373
13,2047321531,knni td,0.728,0.24,d13_seed2047321531_svd,2026-02-20T23:08:31.459207,10.379401683807373
13,2047321531,knni mmr,0.674,0.168,d13_seed2047321531_svd,2026-02-20T23:08:31.459207,10.379401683807373
13,2047321531,svd,0.777,0.242,d13_seed2047321531_svd,2026-02-20T23:08:31.459207,10.379401683807373
13,2047321531,svd td,0.685,0.256,d13_seed2047321531_svd,2026-02-20T23:08:31.459207,10.379401683807373
13,2047321531,svd mmr,0.583,0.23,d13_seed2047321531_svd,2026-02-20T23:08:31.459207,10.379401683807373
13,527024918,knnu,0.822,0.234,d13_seed527024918_svd,2026-02-20T23:08:41.541725,10.079276084899902
13,527024918,knnu td,0.609,0.236,d13_seed527024918_svd,2026-02-20T23:08:41.541725,10.079276084899902
13,527024918,knnu mmr,0.607,0.167,d13_seed527024918_svd,2026-02-20T23:08:41.541725,10.079276084899902
13,527024918,knni,0.767,0.241,d13_seed527024918_svd,2026-02-20T23:08:41.541725,10.079276084899902
13,527024918,knni td,0.728,0.24,d13_seed527024918_svd,2026-02-20T23:08:41.541725,10.079276084899902
13,527024918,knni mmr,0.672,0.169,d13_seed527024918_svd,2026-02-20T23:08:41.541725,10.079276084899902
13,527024918,svd,0.777,0.242,d13_seed527024918_svd,2026-02-20T23:08:41.541725,10.079276084899902
13,527024918,svd td,0.685,0.256,d13_seed527024918_svd,2026-02-20T23:08:41.541725,10.079276084899902
13,527024918,svd mmr,0.581,0.23,d13_seed527024918_svd,2026-02-20T23:08:41.541725,10.079276084899902
13,1317587706,knnu,0.822,0.234,d13_seed1317587706_svd,2026-02-20T23:08:51.873678,10.331952810287476
13,1317587706,knnu td,0.609,0.236,d13_seed1317587706_svd,2026-02-20T23:08:51.873678,10.331952810287476
13,1317587706,knnu mmr,0.603,0.165,d13_seed1317587706_svd,2026-02-20T23:08:51.873678,10.331952810287476
13,1317587706,knni,0.767,0.241,d13_seed1317587706_svd,2026-02-20T23:08:51.873678,10.331952810287476
13,1317587706,knni td,0.728,0.24,d13_seed1317587706_svd,2026-02-20T23:08:51.873678,10.331952810287476
13,1317587706,knni mmr,0.686,0.168,d13_seed1317587706_svd,2026-02-20T23:08:51.873678,10.331952810287476
13,1317587706,svd,0.777,0.242,d13_seed1317587706_svd,2026-02-20T23:08:51.873678,10.331952810287476
13,1317587706,svd td,0.685,0.256,d13_seed1317587706_svd,2026-02-20T23:08:51.873678,10.331952810287476
13,1317587706,svd mmr,0.58,0.23,d13_seed1317587706_svd,2026-02-20T23:08:51.873678,10.331952810287476
13,1036723065,knnu,0.822,0.234,d13_seed1036723065_svd,2026-02-20T23:09:02.051991,10.12160348892212
13,1036723065,knnu td,0.609,0.236,d13_seed1036723065_svd,2026-02-20T23:09:02.051991,10.12160348892212
13,1036723065,knnu mmr,0.61,0.167,d13_seed1036723065_svd,2026-02-20T23:09:02.051991,10.12160348892212
13,1036723065,knni,0.767,0.241,d13_seed1036723065_svd,2026-02-20T23:09:02.051991,10.12160348892212
13,1036723065,knni td,0.728,0.24,d13_seed1036723065_svd,2026-02-20T23:09:02.051991,10.12160348892212
13,1036723065,knni mmr,0.67,0.168,d13_seed1036723065_svd,2026-02-20T23:09:02.051991,10.12160348892212
13,1036723065,svd,0.777,0.242,d13_seed1036723065_svd,2026-02-20T23:09:02.051991,10.12160348892212
13,1036723065,svd td,0.685,0.256,d13_seed1036723065_svd,2026-02-20T23:09:02.051991,10.12160348892212
13,1036723065,svd mmr,0.58,0.23,d13_seed1036723065_svd,2026-02-20T23:09:02.051991,10.12160348892212
13,423235947,knnu,0.822,0.234,d13_seed423235947_svd,2026-02-20T23:09:12.421975,10.366498947143555
13,423235947,knnu td,0.609,0.236,d13_seed423235947_svd,2026-02-20T23:09:12.421975,10.366498947143555
13,423235947,knnu mmr,0.61,0.166,d13_seed423235947_svd,2026-02-20T23:09:12.421975,10.366498947143555
13,423235947,knni,0.767,0.241,d13_seed423235947_svd,2026-02-20T23:09:12.421975,10.366498947143555
13,423235947,knni td,0.728,0.24,d13_seed423235947_svd,2026-02-20T23:09:12.421975,10.366498947143555
13,423235947,knni mmr,0.671,0.168,d13_seed423235947_svd,2026-02-20T23:09:12.421975,10.366498947143555
13,423235947,svd,0.777,0.242,d13_seed423235947_svd,2026-02-20T23:09:12.421975,10.366498947143555
13,423235947,svd td,0.685,0.256,d13_seed423235947_svd,2026-02-20T23:09:12.421975,10.366498947143555
13,423235947,svd mmr,0.578,0.229,d13_seed423235947_svd,2026-02-20T23:09:12.421975,10.366498947143555
13,677482947,knnu,0.822,0.234,d13_seed677482947_svd,2026-02-20T23:09:22.311098,9.887116432189941
13,677482947,knnu td,0.609,0.236,d13_seed677482947_svd,2026-02-20T23:09:22.311098,9.887116432189941
13,677482947,knnu mmr,0.611,0.168,d13_seed677482947_svd,2026-02-20T23:09:22.311098,9.887116432189941
13,677482947,knni,0.767,0.241,d13_seed677482947_svd,2026-02-20T23:09:22.311098,9.887116432189941
13,677482947,knni td,0.728,0.24,d13_seed677482947_svd,2026-02-20T23:09:22.311098,9.887116432189941
13,677482947,knni mmr,0.683,0.168,d13_seed677482947_svd,2026-02-20T23:09:22.311098,9.887116432189941
13,677482947,svd,0.777,0.242,d13_seed677482947_svd,2026-02-20T23:09:22.311098,9.887116432189941
13,677482947,svd td,0.685,0.256,d13_seed677482947_svd,2026-02-20T23:09:22.311098,9.887116432189941
13,677482947,svd mmr,0.58,0.231,d13_seed677482947_svd,2026-02-20T23:09:22.311098,9.887116432189941
13,1492746576,knnu,0.822,0.234,d13_seed1492746576_svd,2026-02-20T23:09:32.344466,10.03508186340332
13,1492746576,knnu td,0.609,0.236,d13_seed1492746576_svd,2026-02-20T23:09:32.344466,10.03508186340332
13,1492746576,knnu mmr,0.605,0.166,d13_seed1492746576_svd,2026-02-20T23:09:32.344466,10.03508186340332
13,1492746576,knni,0.767,0.241,d13_seed1492746576_svd,2026-02-20T23:09:32.344466,10.03508186340332
13,1492746576,knni td,0.728,0.24,d13_seed1492746576_svd,2026-02-20T23:09:32.344466,10.03508186340332
13,1492746576,knni mmr,0.676,0.168,d13_seed1492746576_svd,2026-02-20T23:09:32.344466,10.03508186340332
13,1492746576,svd,0.777,0.242,d13_seed1492746576_svd,2026-02-20T23:09:32.344466,10.03508186340332
13,1492746576,svd td,0.685,0.256,d13_seed1492746576_svd,2026-02-20T23:09:32.344466,10.03508186340332
13,1492746576,svd mmr,0.58,0.23,d13_seed1492746576_svd,2026-02-20T23:09:32.344466,10.03508186340332
13,239209755,knnu,0.822,0.234,d13_seed239209755_svd,2026-02-20T23:09:42.938535,10.587209701538086
13,239209755,knnu td,0.609,0.236,d13_seed239209755_svd,2026-02-20T23:09:42.938535,10.587209701538086
13,239209755,knnu mmr,0.606,0.166,d13_seed239209755_svd,2026-02-20T23:09:42.938535,10.587209701538086
13,239209755,knni,0.767,0.241,d13_seed239209755_svd,2026-02-20T23:09:42.938535,10.587209701538086
13,239209755,knni td,0.728,0.24,d13_seed239209755_svd,2026-02-20T23:09:42.938535,10.587209701538086
13,239209755,knni mmr,0.684,0.167,d13_seed239209755_svd,2026-02-20T23:09:42.938535,10.587209701538086
13,239209755,svd,0.777,0.242,d13_seed239209755_svd,2026-02-20T23:09:42.938535,10.587209701538086
13,239209755,svd td,0.685,0.256,d13_seed239209755_svd,2026-02-20T23:09:42.938535,10.587209701538086
13,239209755,svd mmr,0.583,0.231,d13_seed239209755_svd,2026-02-20T23:09:42.938535,10.587209701538086
13,637016530,knnu,0.822,0.234,d13_seed637016530_svd,2026-02-20T23:09:54.026202,11.08034896850586
13,637016530,knnu td,0.609,0.236,d13_seed637016530_svd,2026-02-20T23:09:54.026202,11.08034896850586
13,637016530,knnu mmr,0.613,0.166,d13_seed637016530_svd,2026-02-20T23:09:54.026202,11.08034896850586
13,637016530,knni,0.767,0.241,d13_seed637016530_svd,2026-02-20T23:09:54.026202,11.08034896850586
13,637016530,knni td,0.728,0.24,d13_seed637016530_svd,2026-02-20T23:09:54.026202,11.08034896850586
13,637016530,knni mmr,0.681,0.167,d13_seed637016530_svd,2026-02-20T23:09:54.026202,11.08034896850586
13,637016530,svd,0.777,0.242,d13_seed637016530_svd,2026-02-20T23:09:54.026202,11.08034896850586
13,637016530,svd td,0.685,0.256,d13_seed637016530_svd,2026-02-20T23:09:54.026202,11.08034896850586
13,637016530,svd mmr,0.581,0.23,d13_seed637016530_svd,2026-02-20T23:09:54.026202,11.08034896850586
13,835817041,knnu,0.822,0.234,d13_seed835817041_svd,2026-02-20T23:10:05.199203,11.170732975006104
13,835817041,knnu td,0.609,0.236,d13_seed835817041_svd,2026-02-20T23:10:05.199203,11.170732975006104
13,835817041,knnu mmr,0.607,0.167,d13_seed835817041_svd,2026-02-20T23:10:05.199203,11.170732975006104
13,835817041,knni,0.767,0.241,d13_seed835817041_svd,2026-02-20T23:10:05.199203,11.170732975006104
13,835817041,knni td,0.728,0.24,d13_seed835817041_svd,2026-02-20T23:10:05.199203,11.170732975006104
13,835817041,knni mmr,0.68,0.168,d13_seed835817041_svd,2026-02-20T23:10:05.199203,11.170732975006104
13,835817041,svd,0.777,0.242,d13_seed835817041_svd,2026-02-20T23:10:05.199203,11.170732975006104
13,835817041,svd td,0.685,0.256,d13_seed835817041_svd,2026-02-20T23:10:05.199203,11.170732975006104
13,835817041,svd mmr,0.58,0.231,d13_seed835817041_svd,2026-02-20T23:10:05.199203,11.170732975006104
13,719958201,knnu,0.822,0.234,d13_seed719958201_svd,2026-02-20T23:10:16.235309,11.034278631210327
13,719958201,knnu td,0.609,0.236,d13_seed719958201_svd,2026-02-20T23:10:16.235309,11.034278631210327
13,719958201,knnu mmr,0.602,0.166,d13_seed719958201_svd,2026-02-20T23:10:16.235309,11.034278631210327
13,719958201,knni,0.767,0.241,d13_seed719958201_svd,2026-02-20T23:10:16.235309,11.034278631210327
13,719958201,knni td,0.728,0.24,d13_seed719958201_svd,2026-02-20T23:10:16.235309,11.034278631210327
13,719958201,knni mmr,0.681,0.168,d13_seed719958201_svd,2026-02-20T23:10:16.235309,11.034278631210327
13,719958201,svd,0.777,0.242,d13_seed719958201_svd,2026-02-20T23:10:16.235309,11.034278631210327
13,719958201,svd td,0.685,0.256,d13_seed719958201_svd,2026-02-20T23:10:16.235309,11.034278631210327
13,719958201,svd mmr,0.581,0.23,d13_seed719958201_svd,2026-02-20T23:10:16.235309,11.034278631210327
13,2004394224,knnu,0.822,0.234,d13_seed2004394224_svd,2026-02-20T23:10:26.356498,10.117188453674316
13,2004394224,knnu td,0.609,0.236,d13_seed2004394224_svd,2026-02-20T23:10:26.356498,10.117188453674316
13,2004394224,knnu mmr,0.601,0.166,d13_seed2004394224_svd,2026-02-20T23:10:26.356498,10.117188453674316
13,2004394224,knni,0.767,0.241,d13_seed2004394224_svd,2026-02-20T23:10:26.356498,10.117188453674316
13,2004394224,knni td,0.728,0.24,d13_seed2004394224_svd,2026-02-20T23:10:26.356498,10.117188453674316
13,2004394224,knni mmr,0.664,0.169,d13_seed2004394224_svd,2026-02-20T23:10:26.356498,10.117188453674316
13,2004394224,svd,0.777,0.242,d13_seed2004394224_svd,2026-02-20T23:10:26.356498,10.117188453674316
13,2004394224,svd td,0.685,0.256,d13_seed2004394224_svd,2026-02-20T23:10:26.356498,10.117188453674316
13,2004394224,svd mmr,0.582,0.231,d13_seed2004394224_svd,2026-02-20T23:10:26.356498,10.117188453674316
13,1047637579,knnu,0.822,0.234,d13_seed1047637579_svd,2026-02-20T23:10:36.247323,9.890858173370361
13,1047637579,knnu td,0.609,0.236,d13_seed1047637579_svd,2026-02-20T23:10:36.247323,9.890858173370361
13,1047637579,knnu mmr,0.61,0.168,d13_seed1047637579_svd,2026-02-20T23:10:36.247323,9.890858173370361
13,1047637579,knni,0.767,0.241,d13_seed1047637579_svd,2026-02-20T23:10:36.247323,9.890858173370361
13,1047637579,knni td,0.728,0.24,d13_seed1047637579_svd,2026-02-20T23:10:36.247323,9.890858173370361
13,1047637579,knni mmr,0.682,0.168,d13_seed1047637579_svd,2026-02-20T23:10:36.247323,9.890858173370361
13,1047637579,svd,0.777,0.242,d13_seed1047637579_svd,2026-02-20T23:10:36.247323,9.890858173370361
13,1047637579,svd td,0.685,0.256,d13_seed1047637579_svd,2026-02-20T23:10:36.247323,9.890858173370361
13,1047637579,svd mmr,0.58,0.231,d13_seed1047637579_svd,2026-02-20T23:10:36.247323,9.890858173370361
18,358056291,knnu,0.822,0.234,d18_seed358056291_svd,2026-02-20T23:10:46.206695,9.953384637832642
18,358056291,knnu td,0.601,0.236,d18_seed358056291_svd,2026-02-20T23:10:46.206695,9.953384637832642
18,358056291,knnu mmr,0.675,0.163,d18_seed358056291_svd,2026-02-20T23:10:46.206695,9.953384637832642
18,358056291,knni,0.767,0.241,d18_seed358056291_svd,2026-02-20T23:10:46.206695,9.953384637832642
18,358056291,knni td,0.729,0.239,d18_seed358056291_svd,2026-02-20T23:10:46.206695,9.953384637832642
18,358056291,knni mmr,0.698,0.164,d18_seed358056291_svd,2026-02-20T23:10:46.206695,9.953384637832642
18,358056291,svd,0.777,0.242,d18_seed358056291_svd,2026-02-20T23:10:46.206695,9.953384637832642
18,358056291,svd td,0.685,0.255,d18_seed358056291_svd,2026-02-20T23:10:46.206695,9.953384637832642
18,358056291,svd mmr,0.586,0.226,d18_seed358056291_svd,2026-02-20T23:10:46.206695,9.953384637832642
18,1576296115,knnu,0.822,0.234,d18_seed1576296115_svd,2026-02-20T23:10:56.476097,10.269018650054932
18,1576296115,knnu td,0.601,0.236,d18_seed1576296115_svd,2026-02-20T23:10:56.476097,10.269018650054932
18,1576296115,knnu mmr,0.667,0.163,d18_seed1576296115_svd,2026-02-20T23:10:56.476097,10.269018650054932
18,1576296115,knni,0.767,0.241,d18_seed1576296115_svd,2026-02-20T23:10:56.476097,10.269018650054932
18,1576296115,knni td,0.729,0.239,d18_seed1576296115_svd,2026-02-20T23:10:56.476097,10.269018650054932
18,1576296115,knni mmr,0.684,0.164,d18_seed1576296115_svd,2026-02-20T23:10:56.476097,10.269018650054932
18,1576296115,svd,0.777,0.242,d18_seed1576296115_svd,2026-02-20T23:10:56.476097,10.269018650054932
18,1576296115,svd td,0.685,0.255,d18_seed1576296115_svd,2026-02-20T23:10:56.476097,10.269018650054932
18,1576296115,svd mmr,0.586,0.226,d18_seed1576296115_svd,2026-02-20T23:10:56.476097,10.269018650054932
18,1631363395,knnu,0.822,0.234,d18_seed1631363395_svd,2026-02-20T23:11:07.309347,10.833552360534668
18,1631363395,knnu td,0.601,0.236,d18_seed1631363395_svd,2026-02-20T23:11:07.309347,10.833552360534668
18,1631363395,knnu mmr,0.673,0.162,d18_seed1631363395_svd,2026-02-20T23:11:07.309347,10.833552360534668
18,1631363395,knni,0.767,0.241,d18_seed1631363395_svd,2026-02-20T23:11:07.309347,10.833552360534668
18,1631363395,knni td,0.729,0.239,d18_seed1631363395_svd,2026-02-20T23:11:07.309347,10.833552360534668
18,1631363395,knni mmr,0.684,0.164,d18_seed1631363395_svd,2026-02-20T23:11:07.309347,10.833552360534668
18,1631363395,svd,0.777,0.242,d18_seed1631363395_svd,2026-02-20T23:11:07.309347,10.833552360534668
18,1631363395,svd td,0.685,0.255,d18_seed1631363395_svd,2026-02-20T23:11:07.309347,10.833552360534668
18,1631363395,svd mmr,0.586,0.226,d18_seed1631363395_svd,2026-02-20T23:11:07.309347,10.833552360534668
18,169153558,knnu,0.822,0.234,d18_seed169153558_svd,2026-02-20T23:11:18.467498,11.156149864196777
18,169153558,knnu td,0.601,0.236,d18_seed169153558_svd,2026-02-20T23:11:18.467498,11.156149864196777
18,169153558,knnu mmr,0.662,0.164,d18_seed169153558_svd,2026-02-20T23:11:18.467498,11.156149864196777
18,169153558,knni,0.767,0.241,d18_seed169153558_svd,2026-02-20T23:11:18.467498,11.156149864196777
18,169153558,knni td,0.729,0.239,d18_seed169153558_svd,2026-02-20T23:11:18.467498,11.156149864196777
18,169153558,knni mmr,0.692,0.164,d18_seed169153558_svd,2026-02-20T23:11:18.467498,11.156149864196777
18,169153558,svd,0.777,0.242,d18_seed169153558_svd,2026-02-20T23:11:18.467498,11.156149864196777
18,169153558,svd td,0.685,0.255,d18_seed169153558_svd,2026-02-20T23:11:18.467498,11.156149864196777
18,169153558,svd mmr,0.586,0.226,d18_seed169153558_svd,2026-02-20T23:11:18.467498,11.156149864196777
18,690066093,knnu,0.822,0.234,d18_seed690066093_svd,2026-02-20T23:11:29.470588,11.001285552978516
18,690066093,knnu td,0.601,0.236,d18_seed690066093_svd,2026-02-20T23:11:29.470588,11.001285552978516
18,690066093,knnu mmr,0.635,0.163,d18_seed690066093_svd,2026-02-20T23:11:29.470588,11.001285552978516
18,690066093,knni,0.767,0.241,d18_seed690066093_svd,2026-02-20T23:11:29.470588,11.001285552978516
18,690066093,knni td,0.729,0.239,d18_seed690066093_svd,2026-02-20T23:11:29.470588,11.001285552978516
18,690066093,knni mmr,0.689,0.165,d18_seed690066093_svd,2026-02-20T23:11:29.470588,11.001285552978516
18,690066093,svd,0.777,0.242,d18_seed690066093_svd,2026-02-20T23:11:29.470588,11.001285552978516
18,690066093,svd td,0.685,0.255,d18_seed690066093_svd,2026-02-20T23:11:29.470588,11.001285552978516
18,690066093,svd mmr,0.586,0.226,d18_seed690066093_svd,2026-02-20T23:11:29.470588,11.001285552978516
18,1098655442,knnu,0.822,0.234,d18_seed1098655442_svd,2026-02-20T23:11:40.667448,11.1863853931427
18,1098655442,knnu td,0.601,0.236,d18_seed1098655442_svd,2026-02-20T23:11:40.667448,11.1863853931427
18,1098655442,knnu mmr,0.675,0.163,d18_seed1098655442_svd,2026-02-20T23:11:40.667448,11.1863853931427
18,1098655442,knni,0.767,0.241,d18_seed1098655442_svd,2026-02-20T23:11:40.667448,11.1863853931427
18,1098655442,knni td,0.729,0.239,d18_seed1098655442_svd,2026-02-20T23:11:40.667448,11.1863853931427
18,1098655442,knni mmr,0.697,0.164,d18_seed1098655442_svd,2026-02-20T23:11:40.667448,11.1863853931427
18,1098655442,svd,0.777,0.242,d18_seed1098655442_svd,2026-02-20T23:11:40.667448,11.1863853931427
18,1098655442,svd td,0.685,0.255,d18_seed1098655442_svd,2026-02-20T23:11:40.667448,11.1863853931427
18,1098655442,svd mmr,0.586,0.226,d18_seed1098655442_svd,2026-02-20T23:11:40.667448,11.1863853931427
18,633259162,knnu,0.822,0.234,d18_seed633259162_svd,2026-02-20T23:11:51.860213,11.185808658599854
18,633259162,knnu td,0.601,0.236,d18_seed633259162_svd,2026-02-20T23:11:51.860213,11.185808658599854
18,633259162,knnu mmr,0.659,0.162,d18_seed633259162_svd,2026-02-20T23:11:51.860213,11.185808658599854
18,633259162,knni,0.767,0.241,d18_seed633259162_svd,2026-02-20T23:11:51.860213,11.185808658599854
18,633259162,knni td,0.729,0.239,d18_seed633259162_svd,2026-02-20T23:11:51.860213,11.185808658599854
18,633259162,knni mmr,0.691,0.164,d18_seed633259162_svd,2026-02-20T23:11:51.860213,11.185808658599854
18,633259162,svd,0.777,0.242,d18_seed633259162_svd,2026-02-20T23:11:51.860213,11.185808658599854
18,633259162,svd td,0.685,0.255,d18_seed633259162_svd,2026-02-20T23:11:51.860213,11.185808658599854
18,633259162,svd mmr,0.586,0.226,d18_seed633259162_svd,2026-02-20T23:11:51.860213,11.185808658599854
18,2047321531,knnu,0.822,0.234,d18_seed2047321531_svd,2026-02-20T23:12:02.587905,10.725680351257324
18,2047321531,knnu td,0.601,0.236,d18_seed2047321531_svd,2026-02-20T23:12:02.587905,10.725680351257324
18,2047321531,knnu mmr,0.661,0.162,d18_seed2047321531_svd,2026-02-20T23:12:02.587905,10.725680351257324
18,2047321531,knni,0.767,0.241,d18_seed2047321531_svd,2026-02-20T23:12:02.587905,10.725680351257324
18,2047321531,knni td,0.729,0.239,d18_seed2047321531_svd,2026-02-20T23:12:02.587905,10.725680351257324
18,2047321531,knni mmr,0.683,0.165,d18_seed2047321531_svd,2026-02-20T23:12:02.587905,10.725680351257324
18,2047321531,svd,0.777,0.242,d18_seed2047321531_svd,2026-02-20T23:12:02.587905,10.725680351257324
18,2047321531,svd td,0.685,0.255,d18_seed2047321531_svd,2026-02-20T23:12:02.587905,10.725680351257324
18,2047321531,svd mmr,0.586,0.226,d18_seed2047321531_svd,2026-02-20T23:12:02.587905,10.725680351257324
18,527024918,knnu,0.822,0.234,d18_seed527024918_svd,2026-02-20T23:12:13.523881,10.934668064117432
18,527024918,knnu td,0.601,0.236,d18_seed527024918_svd,2026-02-20T23:12:13.523881,10.934668064117432
18,527024918,knnu mmr,0.684,0.163,d18_seed527024918_svd,2026-02-20T23:12:13.523881,10.934668064117432
18,527024918,knni,0.767,0.241,d18_seed527024918_svd,2026-02-20T23:12:13.523881,10.934668064117432
18,527024918,knni td,0.729,0.239,d18_seed527024918_svd,2026-02-20T23:12:13.523881,10.934668064117432
18,527024918,knni mmr,0.704,0.166,d18_seed527024918_svd,2026-02-20T23:12:13.523881,10.934668064117432
18,527024918,svd,0.777,0.242,d18_seed527024918_svd,2026-02-20T23:12:13.523881,10.934668064117432
18,527024918,svd td,0.685,0.255,d18_seed527024918_svd,2026-02-20T23:12:13.523881,10.934668064117432
18,527024918,svd mmr,0.586,0.226,d18_seed527024918_svd,2026-02-20T23:12:13.523881,10.934668064117432
18,1317587706,knnu,0.822,0.234,d18_seed1317587706_svd,2026-02-20T23:12:24.035945,10.512183666229248
18,1317587706,knnu td,0.601,0.236,d18_seed1317587706_svd,2026-02-20T23:12:24.035945,10.512183666229248
18,1317587706,knnu mmr,0.674,0.164,d18_seed1317587706_svd,2026-02-20T23:12:24.035945,10.512183666229248
18,1317587706,knni,0.767,0.241,d18_seed1317587706_svd,2026-02-20T23:12:24.035945,10.512183666229248
18,1317587706,knni td,0.729,0.239,d18_seed1317587706_svd,2026-02-20T23:12:24.035945,10.512183666229248
18,1317587706,knni mmr,0.702,0.164,d18_seed1317587706_svd,2026-02-20T23:12:24.035945,10.512183666229248
18,1317587706,svd,0.777,0.242,d18_seed1317587706_svd,2026-02-20T23:12:24.035945,10.512183666229248
18,1317587706,svd td,0.685,0.255,d18_seed1317587706_svd,2026-02-20T23:12:24.035945,10.512183666229248
18,1317587706,svd mmr,0.585,0.225,d18_seed1317587706_svd,2026-02-20T23:12:24.035945,10.512183666229248
18,1036723065,knnu,0.822,0.234,d18_seed1036723065_svd,2026-02-20T23:12:34.259056,10.21352481842041
18,1036723065,knnu td,0.601,0.236,d18_seed1036723065_svd,2026-02-20T23:12:34.259056,10.21352481842041
18,1036723065,knnu mmr,0.661,0.163,d18_seed1036723065_svd,2026-02-20T23:12:34.259056,10.21352481842041
18,1036723065,knni,0.767,0.241,d18_seed1036723065_svd,2026-02-20T23:12:34.259056,10.21352481842041
18,1036723065,knni td,0.729,0.239,d18_seed1036723065_svd,2026-02-20T23:12:34.259056,10.21352481842041
18,1036723065,knni mmr,0.697,0.165,d18_seed1036723065_svd,2026-02-20T23:12:34.259056,10.21352481842041
18,1036723065,svd,0.777,0.242,d18_seed1036723065_svd,2026-02-20T23:12:34.259056,10.21352481842041
18,1036723065,svd td,0.685,0.255,d18_seed1036723065_svd,2026-02-20T23:12:34.259056,10.21352481842041
18,1036723065,svd mmr,0.587,0.226,d18_seed1036723065_svd,2026-02-20T23:12:34.259056,10.21352481842041
18,423235947,knnu,0.822,0.234,d18_seed423235947_svd,2026-02-20T23:12:44.103035,9.841171503067017
18,423235947,knnu td,0.601,0.236,d18_seed423235947_svd,2026-02-20T23:12:44.103035,9.841171503067017
18,423235947,knnu mmr,0.67,0.164,d18_seed423235947_svd,2026-02-20T23:12:44.103035,9.841171503067017
18,423235947,knni,0.767,0.241,d18_seed423235947_svd,2026-02-20T23:12:44.103035,9.841171503067017
18,423235947,knni td,0.729,0.239,d18_seed423235947_svd,2026-02-20T23:12:44.103035,9.841171503067017
18,423235947,knni mmr,0.695,0.164,d18_seed423235947_svd,2026-02-20T23:12:44.103035,9.841171503067017
18,423235947,svd,0.777,0.242,d18_seed423235947_svd,2026-02-20T23:12:44.103035,9.841171503067017
18,423235947,svd td,0.685,0.255,d18_seed423235947_svd,2026-02-20T23:12:44.103035,9.841171503067017
18,423235947,svd mmr,0.586,0.225,d18_seed423235947_svd,2026-02-20T23:12:44.103035,9.841171503067017
18,677482947,knnu,0.822,0.234,d18_seed677482947_svd,2026-02-20T23:12:53.904711,9.801676034927368
18,677482947,knnu td,0.601,0.236,d18_seed677482947_svd,2026-02-20T23:12:53.904711,9.801676034927368
18,677482947,knnu mmr,0.669,0.162,d18_seed677482947_svd,2026-02-20T23:12:53.904711,9.801676034927368
18,677482947,knni,0.767,0.241,d18_seed677482947_svd,2026-02-20T23:12:53.904711,9.801676034927368
18,677482947,knni td,0.729,0.239,d18_seed677482947_svd,2026-02-20T23:12:53.904711,9.801676034927368
18,677482947,knni mmr,0.697,0.165,d18_seed677482947_svd,2026-02-20T23:12:53.904711,9.801676034927368
18,677482947,svd,0.777,0.242,d18_seed677482947_svd,2026-02-20T23:12:53.904711,9.801676034927368
18,677482947,svd td,0.685,0.255,d18_seed677482947_svd,2026-02-20T23:12:53.904711,9.801676034927368
18,677482947,svd mmr,0.586,0.226,d18_seed677482947_svd,2026-02-20T23:12:53.904711,9.801676034927368
18,1492746576,knnu,0.822,0.234,d18_seed1492746576_svd,2026-02-20T23:13:03.638324,9.732028245925903
18,1492746576,knnu td,0.601,0.236,d18_seed1492746576_svd,2026-02-20T23:13:03.638324,9.732028245925903
18,1492746576,knnu mmr,0.667,0.163,d18_seed1492746576_svd,2026-02-20T23:13:03.638324,9.732028245925903
18,1492746576,knni,0.767,0.241,d18_seed1492746576_svd,2026-02-20T23:13:03.638324,9.732028245925903
18,1492746576,knni td,0.729,0.239,d18_seed1492746576_svd,2026-02-20T23:13:03.638324,9.732028245925903
18,1492746576,knni mmr,0.684,0.165,d18_seed1492746576_svd,2026-02-20T23:13:03.638324,9.732028245925903
18,1492746576,svd,0.777,0.242,d18_seed1492746576_svd,2026-02-20T23:13:03.638324,9.732028245925903
18,1492746576,svd td,0.685,0.255,d18_seed1492746576_svd,2026-02-20T23:13:03.638324,9.732028245925903
18,1492746576,svd mmr,0.586,0.226,d18_seed1492746576_svd,2026-02-20T23:13:03.638324,9.732028245925903
18,239209755,knnu,0.822,0.234,d18_seed239209755_svd,2026-02-20T23:13:13.735350,10.095084190368652
18,239209755,knnu td,0.601,0.236,d18_seed239209755_svd,2026-02-20T23:13:13.735350,10.095084190368652
18,239209755,knnu mmr,0.676,0.164,d18_seed239209755_svd,2026-02-20T23:13:13.735350,10.095084190368652
18,239209755,knni,0.767,0.241,d18_seed239209755_svd,2026-02-20T23:13:13.735350,10.095084190368652
18,239209755,knni td,0.729,0.239,d18_seed239209755_svd,2026-02-20T23:13:13.735350,10.095084190368652
18,239209755,knni mmr,0.686,0.165,d18_seed239209755_svd,2026-02-20T23:13:13.735350,10.095084190368652
18,239209755,svd,0.777,0.242,d18_seed239209755_svd,2026-02-20T23:13:13.735350,10.095084190368652
18,239209755,svd td,0.685,0.255,d18_seed239209755_svd,2026-02-20T23:13:13.735350,10.095084190368652
18,239209755,svd mmr,0.587,0.227,d18_seed239209755_svd,2026-02-20T23:13:13.735350,10.095084190368652
18,637016530,knnu,0.822,0.234,d18_seed637016530_svd,2026-02-20T23:13:24.475177,10.717798948287964
18,637016530,knnu td,0.601,0.236,d18_seed637016530_svd,2026-02-20T23:13:24.475177,10.717798948287964
18,637016530,knnu mmr,0.675,0.162,d18_seed637016530_svd,2026-02-20T23:13:24.475177,10.717798948287964
18,637016530,knni,0.767,0.241,d18_seed637016530_svd,2026-02-20T23:13:24.475177,10.717798948287964
18,637016530,knni td,0.729,0.239,d18_seed637016530_svd,2026-02-20T23:13:24.475177,10.717798948287964
18,637016530,knni mmr,0.691,0.164,d18_seed637016530_svd,2026-02-20T23:13:24.475177,10.717798948287964
18,637016530,svd,0.777,0.242,d18_seed637016530_svd,2026-02-20T23:13:24.475177,10.717798948287964
18,637016530,svd td,0.685,0.255,d18_seed637016530_svd,2026-02-20T23:13:24.475177,10.717798948287964
18,637016530,svd mmr,0.587,0.226,d18_seed637016530_svd,2026-02-20T23:13:24.475177,10.717798948287964
18,835817041,knnu,0.822,0.234,d18_seed835817041_svd,2026-02-20T23:13:35.079111,10.601049900054932
18,835817041,knnu td,0.601,0.236,d18_seed835817041_svd,2026-02-20T23:13:35.079111,10.601049900054932
18,835817041,knnu mmr,0.675,0.162,d18_seed835817041_svd,2026-02-20T23:13:35.079111,10.601049900054932
18,835817041,knni,0.767,0.241,d18_seed835817041_svd,2026-02-20T23:13:35.079111,10.601049900054932
18,835817041,knni td,0.729,0.239,d18_seed835817041_svd,2026-02-20T23:13:35.079111,10.601049900054932
18,835817041,knni mmr,0.691,0.164,d18_seed835817041_svd,2026-02-20T23:13:35.079111,10.601049900054932
18,835817041,svd,0.777,0.242,d18_seed835817041_svd,2026-02-20T23:13:35.079111,10.601049900054932
18,835817041,svd td,0.685,0.255,d18_seed835817041_svd,2026-02-20T23:13:35.079111,10.601049900054932
18,835817041,svd mmr,0.586,0.227,d18_seed835817041_svd,2026-02-20T23:13:35.079111,10.601049900054932
18,719958201,knnu,0.822,0.234,d18_seed719958201_svd,2026-02-20T23:13:45.120097,10.03925108909607
18,719958201,knnu td,0.601,0.236,d18_seed719958201_svd,2026-02-20T23:13:45.120097,10.03925108909607
18,719958201,knnu mmr,0.675,0.161,d18_seed719958201_svd,2026-02-20T23:13:45.120097,10.03925108909607
18,719958201,knni,0.767,0.241,d18_seed719958201_svd,2026-02-20T23:13:45.120097,10.03925108909607
18,719958201,knni td,0.729,0.239,d18_seed719958201_svd,2026-02-20T23:13:45.120097,10.03925108909607
18,719958201,knni mmr,0.695,0.164,d18_seed719958201_svd,2026-02-20T23:13:45.120097,10.03925108909607
18,719958201,svd,0.777,0.242,d18_seed719958201_svd,2026-02-20T23:13:45.120097,10.03925108909607
18,719958201,svd td,0.685,0.255,d18_seed719958201_svd,2026-02-20T23:13:45.120097,10.03925108909607
18,719958201,svd mmr,0.586,0.227,d18_seed719958201_svd,2026-02-20T23:13:45.120097,10.03925108909607
18,2004394224,knnu,0.822,0.234,d18_seed2004394224_svd,2026-02-20T23:13:54.996907,9.87680983543396
18,2004394224,knnu td,0.601,0.236,d18_seed2004394224_svd,2026-02-20T23:13:54.996907,9.87680983543396
18,2004394224,knnu mmr,0.669,0.162,d18_seed2004394224_svd,2026-02-20T23:13:54.996907,9.87680983543396
18,2004394224,knni,0.767,0.241,d18_seed2004394224_svd,2026-02-20T23:13:54.996907,9.87680983543396
18,2004394224,knni td,0.729,0.239,d18_seed2004394224_svd,2026-02-20T23:13:54.996907,9.87680983543396
18,2004394224,knni mmr,0.702,0.165,d18_seed2004394224_svd,2026-02-20T23:13:54.996907,9.87680983543396
18,2004394224,svd,0.777,0.242,d18_seed2004394224_svd,2026-02-20T23:13:54.996907,9.87680983543396
18,2004394224,svd td,0.685,0.255,d18_seed2004394224_svd,2026-02-20T23:13:54.996907,9.87680983543396
18,2004394224,svd mmr,0.584,0.226,d18_seed2004394224_svd,2026-02-20T23:13:54.996907,9.87680983543396
18,1047637579,knnu,0.822,0.234,d18_seed1047637579_svd,2026-02-20T23:14:05.217986,10.221079349517822
18,1047637579,knnu td,0.601,0.236,d18_seed1047637579_svd,2026-02-20T23:14:05.217986,10.221079349517822
18,1047637579,knnu mmr,0.669,0.163,d18_seed1047637579_svd,2026-02-20T23:14:05.217986,10.221079349517822
18,1047637579,knni,0.767,0.241,d18_seed1047637579_svd,2026-02-20T23:14:05.217986,10.221079349517822
18,1047637579,knni td,0.729,0.239,d18_seed1047637579_svd,2026-02-20T23:14:05.217986,10.221079349517822
18,1047637579,knni mmr,0.685,0.164,d18_seed1047637579_svd,2026-02-20T23:14:05.217986,10.221079349517822
18,1047637579,svd,0.777,0.242,d18_seed1047637579_svd,2026-02-20T23:14:05.217986,10.221079349517822
18,1047637579,svd td,0.685,0.255,d18_seed1047637579_svd,2026-02-20T23:14:05.217986,10.221079349517822
18,1047637579,svd mmr,0.586,0.226,d18_seed1047637579_svd,2026-02-20T23:14:05.217986,10.221079349517822
23,358056291,knnu,0.822,0.234,d23_seed358056291_svd,2026-02-20T23:14:15.415818,10.174263954162598
23,358056291,knnu td,0.601,0.236,d23_seed358056291_svd,2026-02-20T23:14:15.415818,10.174263954162598
23,358056291,knnu mmr,0.635,0.16,d23_seed358056291_svd,2026-02-20T23:14:15.415818,10.174263954162598
23,358056291,knni,0.767,0.241,d23_seed358056291_svd,2026-02-20T23:14:15.415818,10.174263954162598
23,358056291,knni td,0.729,0.239,d23_seed358056291_svd,2026-02-20T23:14:15.415818,10.174263954162598
23,358056291,knni mmr,0.691,0.164,d23_seed358056291_svd,2026-02-20T23:14:15.415818,10.174263954162598
23,358056291,svd,0.777,0.242,d23_seed358056291_svd,2026-02-20T23:14:15.415818,10.174263954162598
23,358056291,svd td,0.685,0.255,d23_seed358056291_svd,2026-02-20T23:14:15.415818,10.174263954162598
23,358056291,svd mmr,0.583,0.223,d23_seed358056291_svd,2026-02-20T23:14:15.415818,10.174263954162598
23,1576296115,knnu,0.822,0.234,d23_seed1576296115_svd,2026-02-20T23:14:25.718668,10.302850008010864
23,1576296115,knnu td,0.601,0.236,d23_seed1576296115_svd,2026-02-20T23:14:25.718668,10.302850008010864
23,1576296115,knnu mmr,0.622,0.161,d23_seed1576296115_svd,2026-02-20T23:14:25.718668,10.302850008010864
23,1576296115,knni,0.767,0.241,d23_seed1576296115_svd,2026-02-20T23:14:25.718668,10.302850008010864
23,1576296115,knni td,0.729,0.239,d23_seed1576296115_svd,2026-02-20T23:14:25.718668,10.302850008010864
23,1576296115,knni mmr,0.684,0.164,d23_seed1576296115_svd,2026-02-20T23:14:25.718668,10.302850008010864
23,1576296115,svd,0.777,0.242,d23_seed1576296115_svd,2026-02-20T23:14:25.718668,10.302850008010864
23,1576296115,svd td,0.685,0.255,d23_seed1576296115_svd,2026-02-20T23:14:25.718668,10.302850008010864
23,1576296115,svd mmr,0.586,0.223,d23_seed1576296115_svd,2026-02-20T23:14:25.718668,10.302850008010864
23,1631363395,knnu,0.822,0.234,d23_seed1631363395_svd,2026-02-20T23:14:35.874843,10.154598474502563
23,1631363395,knnu td,0.601,0.236,d23_seed1631363395_svd,2026-02-20T23:14:35.874843,10.154598474502563
23,1631363395,knnu mmr,0.619,0.158,d23_seed1631363395_svd,2026-02-20T23:14:35.874843,10.154598474502563
23,1631363395,knni,0.767,0.241,d23_seed1631363395_svd,2026-02-20T23:14:35.874843,10.154598474502563
23,1631363395,knni td,0.729,0.239,d23_seed1631363395_svd,2026-02-20T23:14:35.874843,10.154598474502563
23,1631363395,knni mmr,0.696,0.163,d23_seed1631363395_svd,2026-02-20T23:14:35.874843,10.154598474502563
23,1631363395,svd,0.777,0.242,d23_seed1631363395_svd,2026-02-20T23:14:35.874843,10.154598474502563
23,1631363395,svd td,0.685,0.255,d23_seed1631363395_svd,2026-02-20T23:14:35.874843,10.154598474502563
23,1631363395,svd mmr,0.584,0.223,d23_seed1631363395_svd,2026-02-20T23:14:35.874843,10.154598474502563
23,169153558,knnu,0.822,0.234,d23_seed169153558_svd,2026-02-20T23:14:46.112356,10.234851837158203
23,169153558,knnu td,0.601,0.236,d23_seed169153558_svd,2026-02-20T23:14:46.112356,10.234851837158203
23,169153558,knnu mmr,0.614,0.161,d23_seed169153558_svd,2026-02-20T23:14:46.112356,10.234851837158203
23,169153558,knni,0.767,0.241,d23_seed169153558_svd,2026-02-20T23:14:46.112356,10.234851837158203
23,169153558,knni td,0.729,0.239,d23_seed169153558_svd,2026-02-20T23:14:46.112356,10.234851837158203
23,169153558,knni mmr,0.698,0.164,d23_seed169153558_svd,2026-02-20T23:14:46.112356,10.234851837158203
23,169153558,svd,0.777,0.242,d23_seed169153558_svd,2026-02-20T23:14:46.112356,10.234851837158203
23,169153558,svd td,0.685,0.255,d23_seed169153558_svd,2026-02-20T23:14:46.112356,10.234851837158203
23,169153558,svd mmr,0.581,0.223,d23_seed169153558_svd,2026-02-20T23:14:46.112356,10.234851837158203
23,690066093,knnu,0.822,0.234,d23_seed690066093_svd,2026-02-20T23:14:55.733560,9.61830472946167
23,690066093,knnu td,0.601,0.236,d23_seed690066093_svd,2026-02-20T23:14:55.733560,9.61830472946167
23,690066093,knnu mmr,0.627,0.162,d23_seed690066093_svd,2026-02-20T23:14:55.733560,9.61830472946167
23,690066093,knni,0.767,0.241,d23_seed690066093_svd,2026-02-20T23:14:55.733560,9.61830472946167
23,690066093,knni td,0.729,0.239,d23_seed690066093_svd,2026-02-20T23:14:55.733560,9.61830472946167
23,690066093,knni mmr,0.686,0.163,d23_seed690066093_svd,2026-02-20T23:14:55.733560,9.61830472946167
23,690066093,svd,0.777,0.242,d23_seed690066093_svd,2026-02-20T23:14:55.733560,9.61830472946167
23,690066093,svd td,0.685,0.255,d23_seed690066093_svd,2026-02-20T23:14:55.733560,9.61830472946167
23,690066093,svd mmr,0.585,0.223,d23_seed690066093_svd,2026-02-20T23:14:55.733560,9.61830472946167
23,1098655442,knnu,0.822,0.234,d23_seed1098655442_svd,2026-02-20T23:15:05.484176,9.73077130317688
23,1098655442,knnu td,0.601,0.236,d23_seed1098655442_svd,2026-02-20T23:15:05.484176,9.73077130317688
23,1098655442,knnu mmr,0.616,0.16,d23_seed1098655442_svd,2026-02-20T23:15:05.484176,9.73077130317688
23,1098655442,knni,0.767,0.241,d23_seed1098655442_svd,2026-02-20T23:15:05.484176,9.73077130317688
23,1098655442,knni td,0.729,0.239,d23_seed1098655442_svd,2026-02-20T23:15:05.484176,9.73077130317688
23,1098655442,knni mmr,0.681,0.163,d23_seed1098655442_svd,2026-02-20T23:15:05.484176,9.73077130317688
23,1098655442,svd,0.777,0.242,d23_seed1098655442_svd,2026-02-20T23:15:05.484176,9.73077130317688
23,1098655442,svd td,0.685,0.255,d23_seed1098655442_svd,2026-02-20T23:15:05.484176,9.73077130317688
23,1098655442,svd mmr,0.58,0.223,d23_seed1098655442_svd,2026-02-20T23:15:05.484176,9.73077130317688
23,633259162,knnu,0.822,0.234,d23_seed633259162_svd,2026-02-20T23:15:15.113036,9.62695050239563
23,633259162,knnu td,0.601,0.236,d23_seed633259162_svd,2026-02-20T23:15:15.113036,9.62695050239563
23,633259162,knnu mmr,0.619,0.16,d23_seed633259162_svd,2026-02-20T23:15:15.113036,9.62695050239563
23,633259162,knni,0.767,0.241,d23_seed633259162_svd,2026-02-20T23:15:15.113036,9.62695050239563
23,633259162,knni td,0.729,0.239,d23_seed633259162_svd,2026-02-20T23:15:15.113036,9.62695050239563
23,633259162,knni mmr,0.696,0.165,d23_seed633259162_svd,2026-02-20T23:15:15.113036,9.62695050239563
23,633259162,svd,0.777,0.242,d23_seed633259162_svd,2026-02-20T23:15:15.113036,9.62695050239563
23,633259162,svd td,0.685,0.255,d23_seed633259162_svd,2026-02-20T23:15:15.113036,9.62695050239563
23,633259162,svd mmr,0.583,0.223,d23_seed633259162_svd,2026-02-20T23:15:15.113036,9.62695050239563
23,2047321531,knnu,0.822,0.234,d23_seed2047321531_svd,2026-02-20T23:15:24.705876,9.590144872665405
23,2047321531,knnu td,0.601,0.236,d23_seed2047321531_svd,2026-02-20T23:15:24.705876,9.590144872665405
23,2047321531,knnu mmr,0.653,0.16,d23_seed2047321531_svd,2026-02-20T23:15:24.705876,9.590144872665405
23,2047321531,knni,0.767,0.241,d23_seed2047321531_svd,2026-02-20T23:15:24.705876,9.590144872665405
23,2047321531,knni td,0.729,0.239,d23_seed2047321531_svd,2026-02-20T23:15:24.705876,9.590144872665405
23,2047321531,knni mmr,0.684,0.163,d23_seed2047321531_svd,2026-02-20T23:15:24.705876,9.590144872665405
23,2047321531,svd,0.777,0.242,d23_seed2047321531_svd,2026-02-20T23:15:24.705876,9.590144872665405
23,2047321531,svd td,0.685,0.255,d23_seed2047321531_svd,2026-02-20T23:15:24.705876,9.590144872665405
23,2047321531,svd mmr,0.582,0.223,d23_seed2047321531_svd,2026-02-20T23:15:24.705876,9.590144872665405
23,527024918,knnu,0.822,0.234,d23_seed527024918_svd,2026-02-20T23:15:34.377738,9.666861057281494
23,527024918,knnu td,0.601,0.236,d23_seed527024918_svd,2026-02-20T23:15:34.377738,9.666861057281494
23,527024918,knnu mmr,0.64,0.16,d23_seed527024918_svd,2026-02-20T23:15:34.377738,9.666861057281494
23,527024918,knni,0.767,0.241,d23_seed527024918_svd,2026-02-20T23:15:34.377738,9.666861057281494
23,527024918,knni td,0.729,0.239,d23_seed527024918_svd,2026-02-20T23:15:34.377738,9.666861057281494
23,527024918,knni mmr,0.692,0.164,d23_seed527024918_svd,2026-02-20T23:15:34.377738,9.666861057281494
23,527024918,svd,0.777,0.242,d23_seed527024918_svd,2026-02-20T23:15:34.377738,9.666861057281494
23,527024918,svd td,0.685,0.255,d23_seed527024918_svd,2026-02-20T23:15:34.377738,9.666861057281494
23,527024918,svd mmr,0.584,0.223,d23_seed527024918_svd,2026-02-20T23:15:34.377738,9.666861057281494
23,1317587706,knnu,0.822,0.234,d23_seed1317587706_svd,2026-02-20T23:15:44.455813,10.076221704483032
23,1317587706,knnu td,0.601,0.236,d23_seed1317587706_svd,2026-02-20T23:15:44.455813,10.076221704483032
23,1317587706,knnu mmr,0.611,0.159,d23_seed1317587706_svd,2026-02-20T23:15:44.455813,10.076221704483032
23,1317587706,knni,0.767,0.241,d23_seed1317587706_svd,2026-02-20T23:15:44.455813,10.076221704483032
23,1317587706,knni td,0.729,0.239,d23_seed1317587706_svd,2026-02-20T23:15:44.455813,10.076221704483032
23,1317587706,knni mmr,0.694,0.164,d23_seed1317587706_svd,2026-02-20T23:15:44.455813,10.076221704483032
23,1317587706,svd,0.777,0.242,d23_seed1317587706_svd,2026-02-20T23:15:44.455813,10.076221704483032
23,1317587706,svd td,0.685,0.255,d23_seed1317587706_svd,2026-02-20T23:15:44.455813,10.076221704483032
23,1317587706,svd mmr,0.584,0.224,d23_seed1317587706_svd,2026-02-20T23:15:44.455813,10.076221704483032
23,1036723065,knnu,0.822,0.234,d23_seed1036723065_svd,2026-02-20T23:15:54.948400,10.469964742660522
23,1036723065,knnu td,0.601,0.236,d23_seed1036723065_svd,2026-02-20T23:15:54.948400,10.469964742660522
23,1036723065,knnu mmr,0.63,0.16,d23_seed1036723065_svd,2026-02-20T23:15:54.948400,10.469964742660522
23,1036723065,knni,0.767,0.241,d23_seed1036723065_svd,2026-02-20T23:15:54.948400,10.469964742660522
23,1036723065,knni td,0.729,0.239,d23_seed1036723065_svd,2026-02-20T23:15:54.948400,10.469964742660522
23,1036723065,knni mmr,0.69,0.162,d23_seed1036723065_svd,2026-02-20T23:15:54.948400,10.469964742660522
23,1036723065,svd,0.777,0.242,d23_seed1036723065_svd,2026-02-20T23:15:54.948400,10.469964742660522
23,1036723065,svd td,0.685,0.255,d23_seed1036723065_svd,2026-02-20T23:15:54.948400,10.469964742660522
23,1036723065,svd mmr,0.582,0.223,d23_seed1036723065_svd,2026-02-20T23:15:54.948400,10.469964742660522
23,423235947,knnu,0.822,0.234,d23_seed423235947_svd,2026-02-20T23:16:04.856105,9.907704591751099
23,423235947,knnu td,0.601,0.236,d23_seed423235947_svd,2026-02-20T23:16:04.856105,9.907704591751099
23,423235947,knnu mmr,0.622,0.162,d23_seed423235947_svd,2026-02-20T23:16:04.856105,9.907704591751099
23,423235947,knni,0.767,0.241,d23_seed423235947_svd,2026-02-20T23:16:04.856105,9.907704591751099
23,423235947,knni td,0.729,0.239,d23_seed423235947_svd,2026-02-20T23:16:04.856105,9.907704591751099
23,423235947,knni mmr,0.687,0.163,d23_seed423235947_svd,2026-02-20T23:16:04.856105,9.907704591751099
23,423235947,svd,0.777,0.242,d23_seed423235947_svd,2026-02-20T23:16:04.856105,9.907704591751099
23,423235947,svd td,0.685,0.255,d23_seed423235947_svd,2026-02-20T23:16:04.856105,9.907704591751099
23,423235947,svd mmr,0.582,0.224,d23_seed423235947_svd,2026-02-20T23:16:04.856105,9.907704591751099
23,677482947,knnu,0.822,0.234,d23_seed677482947_svd,2026-02-20T23:16:14.765683,9.908318281173706
23,677482947,knnu td,0.601,0.236,d23_seed677482947_svd,2026-02-20T23:16:14.765683,9.908318281173706
23,677482947,knnu mmr,0.643,0.161,d23_seed677482947_svd,2026-02-20T23:16:14.765683,9.908318281173706
23,677482947,knni,0.767,0.241,d23_seed677482947_svd,2026-02-20T23:16:14.765683,9.908318281173706
23,677482947,knni td,0.729,0.239,d23_seed677482947_svd,2026-02-20T23:16:14.765683,9.908318281173706
23,677482947,knni mmr,0.694,0.163,d23_seed677482947_svd,2026-02-20T23:16:14.765683,9.908318281173706
23,677482947,svd,0.777,0.242,d23_seed677482947_svd,2026-02-20T23:16:14.765683,9.908318281173706
23,677482947,svd td,0.685,0.255,d23_seed677482947_svd,2026-02-20T23:16:14.765683,9.908318281173706
23,677482947,svd mmr,0.582,0.223,d23_seed677482947_svd,2026-02-20T23:16:14.765683,9.908318281173706
23,1492746576,knnu,0.822,0.234,d23_seed1492746576_svd,2026-02-20T23:16:24.869272,10.100223064422607
23,1492746576,knnu td,0.601,0.236,d23_seed1492746576_svd,2026-02-20T23:16:24.869272,10.100223064422607
23,1492746576,knnu mmr,0.618,0.16,d23_seed1492746576_svd,2026-02-20T23:16:24.869272,10.100223064422607
23,1492746576,knni,0.767,0.241,d23_seed1492746576_svd,2026-02-20T23:16:24.869272,10.100223064422607
23,1492746576,knni td,0.729,0.239,d23_seed1492746576_svd,2026-02-20T23:16:24.869272,10.100223064422607
23,1492746576,knni mmr,0.69,0.164,d23_seed1492746576_svd,2026-02-20T23:16:24.869272,10.100223064422607
23,1492746576,svd,0.777,0.242,d23_seed1492746576_svd,2026-02-20T23:16:24.869272,10.100223064422607
23,1492746576,svd td,0.685,0.255,d23_seed1492746576_svd,2026-02-20T23:16:24.869272,10.100223064422607
23,1492746576,svd mmr,0.582,0.223,d23_seed1492746576_svd,2026-02-20T23:16:24.869272,10.100223064422607
23,239209755,knnu,0.822,0.234,d23_seed239209755_svd,2026-02-20T23:16:34.785257,9.91398549079895
23,239209755,knnu td,0.601,0.236,d23_seed239209755_svd,2026-02-20T23:16:34.785257,9.91398549079895
23,239209755,knnu mmr,0.62,0.161,d23_seed239209755_svd,2026-02-20T23:16:34.785257,9.91398549079895
23,239209755,knni,0.767,0.241,d23_seed239209755_svd,2026-02-20T23:16:34.785257,9.91398549079895
23,239209755,knni td,0.729,0.239,d23_seed239209755_svd,2026-02-20T23:16:34.785257,9.91398549079895
23,239209755,knni mmr,0.694,0.163,d23_seed239209755_svd,2026-02-20T23:16:34.785257,9.91398549079895
23,239209755,svd,0.777,0.242,d23_seed239209755_svd,2026-02-20T23:16:34.785257,9.91398549079895
23,239209755,svd td,0.685,0.255,d23_seed239209755_svd,2026-02-20T23:16:34.785257,9.91398549079895
23,239209755,svd mmr,0.584,0.224,d23_seed239209755_svd,2026-02-20T23:16:34.785257,9.91398549079895
23,637016530,knnu,0.822,0.234,d23_seed637016530_svd,2026-02-20T23:16:44.555413,9.735774517059326
23,637016530,knnu td,0.601,0.236,d23_seed637016530_svd,2026-02-20T23:16:44.555413,9.735774517059326
23,637016530,knnu mmr,0.622,0.161,d23_seed637016530_svd,2026-02-20T23:16:44.555413,9.735774517059326
23,637016530,knni,0.767,0.241,d23_seed637016530_svd,2026-02-20T23:16:44.555413,9.735774517059326
23,637016530,knni td,0.729,0.239,d23_seed637016530_svd,2026-02-20T23:16:44.555413,9.735774517059326
23,637016530,knni mmr,0.696,0.163,d23_seed637016530_svd,2026-02-20T23:16:44.555413,9.735774517059326
23,637016530,svd,0.777,0.242,d23_seed637016530_svd,2026-02-20T23:16:44.555413,9.735774517059326
23,637016530,svd td,0.685,0.255,d23_seed637016530_svd,2026-02-20T23:16:44.555413,9.735774517059326
23,637016530,svd mmr,0.583,0.224,d23_seed637016530_svd,2026-02-20T23:16:44.555413,9.735774517059326
23,835817041,knnu,0.822,0.234,d23_seed835817041_svd,2026-02-20T23:16:54.308058,9.749799489974976
23,835817041,knnu td,0.601,0.236,d23_seed835817041_svd,2026-02-20T23:16:54.308058,9.749799489974976
23,835817041,knnu mmr,0.645,0.161,d23_seed835817041_svd,2026-02-20T23:16:54.308058,9.749799489974976
23,835817041,knni,0.767,0.241,d23_seed835817041_svd,2026-02-20T23:16:54.308058,9.749799489974976
23,835817041,knni td,0.729,0.239,d23_seed835817041_svd,2026-02-20T23:16:54.308058,9.749799489974976
23,835817041,knni mmr,0.691,0.163,d23_seed835817041_svd,2026-02-20T23:16:54.308058,9.749799489974976
23,835817041,svd,0.777,0.242,d23_seed835817041_svd,2026-02-20T23:16:54.308058,9.749799489974976
23,835817041,svd td,0.685,0.255,d23_seed835817041_svd,2026-02-20T23:16:54.308058,9.749799489974976
23,835817041,svd mmr,0.581,0.224,d23_seed835817041_svd,2026-02-20T23:16:54.308058,9.749799489974976
23,719958201,knnu,0.822,0.234,d23_seed719958201_svd,2026-02-20T23:17:04.289943,9.982944011688232
23,719958201,knnu td,0.601,0.236,d23_seed719958201_svd,2026-02-20T23:17:04.289943,9.982944011688232
23,719958201,knnu mmr,0.625,0.159,d23_seed719958201_svd,2026-02-20T23:17:04.289943,9.982944011688232
23,719958201,knni,0.767,0.241,d23_seed719958201_svd,2026-02-20T23:17:04.289943,9.982944011688232
23,719958201,knni td,0.729,0.239,d23_seed719958201_svd,2026-02-20T23:17:04.289943,9.982944011688232
23,719958201,knni mmr,0.696,0.163,d23_seed719958201_svd,2026-02-20T23:17:04.289943,9.982944011688232
23,719958201,svd,0.777,0.242,d23_seed719958201_svd,2026-02-20T23:17:04.289943,9.982944011688232
23,719958201,svd td,0.685,0.255,d23_seed719958201_svd,2026-02-20T23:17:04.289943,9.982944011688232
23,719958201,svd mmr,0.583,0.223,d23_seed719958201_svd,2026-02-20T23:17:04.289943,9.982944011688232
23,2004394224,knnu,0.822,0.234,d23_seed2004394224_svd,2026-02-20T23:17:14.012315,9.720951557159424
23,2004394224,knnu td,0.601,0.236,d23_seed2004394224_svd,2026-02-20T23:17:14.012315,9.720951557159424
23,2004394224,knnu mmr,0.643,0.16,d23_seed2004394224_svd,2026-02-20T23:17:14.012315,9.720951557159424
23,2004394224,knni,0.767,0.241,d23_seed2004394224_svd,2026-02-20T23:17:14.012315,9.720951557159424
23,2004394224,knni td,0.729,0.239,d23_seed2004394224_svd,2026-02-20T23:17:14.012315,9.720951557159424
23,2004394224,knni mmr,0.691,0.163,d23_seed2004394224_svd,2026-02-20T23:17:14.012315,9.720951557159424
23,2004394224,svd,0.777,0.242,d23_seed2004394224_svd,2026-02-20T23:17:14.012315,9.720951557159424
23,2004394224,svd td,0.685,0.255,d23_seed2004394224_svd,2026-02-20T23:17:14.012315,9.720951557159424
23,2004394224,svd mmr,0.583,0.223,d23_seed2004394224_svd,2026-02-20T23:17:14.012315,9.720951557159424
23,1047637579,knnu,0.822,0.234,d23_seed1047637579_svd,2026-02-20T23:17:23.823232,9.808544397354126
23,1047637579,knnu td,0.601,0.236,d23_seed1047637579_svd,2026-02-20T23:17:23.823232,9.808544397354126
23,1047637579,knnu mmr,0.617,0.161,d23_seed1047637579_svd,2026-02-20T23:17:23.823232,9.808544397354126
23,1047637579,knni,0.767,0.241,d23_seed1047637579_svd,2026-02-20T23:17:23.823232,9.808544397354126
23,1047637579,knni td,0.729,0.239,d23_seed1047637579_svd,2026-02-20T23:17:23.823232,9.808544397354126
23,1047637579,knni mmr,0.696,0.164,d23_seed1047637579_svd,2026-02-20T23:17:23.823232,9.808544397354126
23,1047637579,svd,0.777,0.242,d23_seed1047637579_svd,2026-02-20T23:17:23.823232,9.808544397354126
23,1047637579,svd td,0.685,0.255,d23_seed1047637579_svd,2026-02-20T23:17:23.823232,9.808544397354126
23,1047637579,svd mmr,0.583,0.224,d23_seed1047637579_svd,2026-02-20T23:17:23.823232,9.808544397354126
28,358056291,knnu,0.822,0.234,d28_seed358056291_svd,2026-02-20T23:17:33.593661,9.746487140655518
28,358056291,knnu td,0.601,0.236,d28_seed358056291_svd,2026-02-20T23:17:33.593661,9.746487140655518
28,358056291,knnu mmr,0.633,0.158,d28_seed358056291_svd,2026-02-20T23:17:33.593661,9.746487140655518
28,358056291,knni,0.767,0.241,d28_seed358056291_svd,2026-02-20T23:17:33.593661,9.746487140655518
28,358056291,knni td,0.729,0.239,d28_seed358056291_svd,2026-02-20T23:17:33.593661,9.746487140655518
28,358056291,knni mmr,0.702,0.161,d28_seed358056291_svd,2026-02-20T23:17:33.593661,9.746487140655518
28,358056291,svd,0.777,0.242,d28_seed358056291_svd,2026-02-20T23:17:33.593661,9.746487140655518
28,358056291,svd td,0.685,0.255,d28_seed358056291_svd,2026-02-20T23:17:33.593661,9.746487140655518
28,358056291,svd mmr,0.58,0.222,d28_seed358056291_svd,2026-02-20T23:17:33.593661,9.746487140655518
28,1576296115,knnu,0.822,0.234,d28_seed1576296115_svd,2026-02-20T23:17:43.296974,9.701363563537598
28,1576296115,knnu td,0.601,0.236,d28_seed1576296115_svd,2026-02-20T23:17:43.296974,9.701363563537598
28,1576296115,knnu mmr,0.644,0.158,d28_seed1576296115_svd,2026-02-20T23:17:43.296974,9.701363563537598
28,1576296115,knni,0.767,0.241,d28_seed1576296115_svd,2026-02-20T23:17:43.296974,9.701363563537598
28,1576296115,knni td,0.729,0.239,d28_seed1576296115_svd,2026-02-20T23:17:43.296974,9.701363563537598
28,1576296115,knni mmr,0.7,0.161,d28_seed1576296115_svd,2026-02-20T23:17:43.296974,9.701363563537598
28,1576296115,svd,0.777,0.242,d28_seed1576296115_svd,2026-02-20T23:17:43.296974,9.701363563537598
28,1576296115,svd td,0.685,0.255,d28_seed1576296115_svd,2026-02-20T23:17:43.296974,9.701363563537598
28,1576296115,svd mmr,0.579,0.221,d28_seed1576296115_svd,2026-02-20T23:17:43.296974,9.701363563537598
28,1631363395,knnu,0.822,0.234,d28_seed1631363395_svd,2026-02-20T23:17:52.918226,9.618322134017944
28,1631363395,knnu td,0.601,0.236,d28_seed1631363395_svd,2026-02-20T23:17:52.918226,9.618322134017944
28,1631363395,knnu mmr,0.634,0.156,d28_seed1631363395_svd,2026-02-20T23:17:52.918226,9.618322134017944
28,1631363395,knni,0.767,0.241,d28_seed1631363395_svd,2026-02-20T23:17:52.918226,9.618322134017944
28,1631363395,knni td,0.729,0.239,d28_seed1631363395_svd,2026-02-20T23:17:52.918226,9.618322134017944
28,1631363395,knni mmr,0.698,0.161,d28_seed1631363395_svd,2026-02-20T23:17:52.918226,9.618322134017944
28,1631363395,svd,0.777,0.242,d28_seed1631363395_svd,2026-02-20T23:17:52.918226,9.618322134017944
28,1631363395,svd td,0.685,0.255,d28_seed1631363395_svd,2026-02-20T23:17:52.918226,9.618322134017944
28,1631363395,svd mmr,0.575,0.222,d28_seed1631363395_svd,2026-02-20T23:17:52.918226,9.618322134017944
28,169153558,knnu,0.822,0.234,d28_seed169153558_svd,2026-02-20T23:18:02.609151,9.690055847167969
28,169153558,knnu td,0.601,0.236,d28_seed169153558_svd,2026-02-20T23:18:02.609151,9.690055847167969
28,169153558,knnu mmr,0.646,0.157,d28_seed169153558_svd,2026-02-20T23:18:02.609151,9.690055847167969
28,169153558,knni,0.767,0.241,d28_seed169153558_svd,2026-02-20T23:18:02.609151,9.690055847167969
28,169153558,knni td,0.729,0.239,d28_seed169153558_svd,2026-02-20T23:18:02.609151,9.690055847167969
28,169153558,knni mmr,0.705,0.161,d28_seed169153558_svd,2026-02-20T23:18:02.609151,9.690055847167969
28,169153558,svd,0.777,0.242,d28_seed169153558_svd,2026-02-20T23:18:02.609151,9.690055847167969
28,169153558,svd td,0.685,0.255,d28_seed169153558_svd,2026-02-20T23:18:02.609151,9.690055847167969
28,169153558,svd mmr,0.579,0.223,d28_seed169153558_svd,2026-02-20T23:18:02.609151,9.690055847167969
28,690066093,knnu,0.822,0.234,d28_seed690066093_svd,2026-02-20T23:18:12.221900,9.611438512802124
28,690066093,knnu td,0.601,0.236,d28_seed690066093_svd,2026-02-20T23:18:12.221900,9.611438512802124
28,690066093,knnu mmr,0.657,0.158,d28_seed690066093_svd,2026-02-20T23:18:12.221900,9.611438512802124
28,690066093,knni,0.767,0.241,d28_seed690066093_svd,2026-02-20T23:18:12.221900,9.611438512802124
28,690066093,knni td,0.729,0.239,d28_seed690066093_svd,2026-02-20T23:18:12.221900,9.611438512802124
28,690066093,knni mmr,0.698,0.161,d28_seed690066093_svd,2026-02-20T23:18:12.221900,9.611438512802124
28,690066093,svd,0.777,0.242,d28_seed690066093_svd,2026-02-20T23:18:12.221900,9.611438512802124
28,690066093,svd td,0.685,0.255,d28_seed690066093_svd,2026-02-20T23:18:12.221900,9.611438512802124
28,690066093,svd mmr,0.575,0.222,d28_seed690066093_svd,2026-02-20T23:18:12.221900,9.611438512802124
28,1098655442,knnu,0.822,0.234,d28_seed1098655442_svd,2026-02-20T23:18:21.982242,9.688663721084595
28,1098655442,knnu td,0.601,0.236,d28_seed1098655442_svd,2026-02-20T23:18:21.982242,9.688663721084595
28,1098655442,knnu mmr,0.659,0.157,d28_seed1098655442_svd,2026-02-20T23:18:21.982242,9.688663721084595
28,1098655442,knni,0.767,0.241,d28_seed1098655442_svd,2026-02-20T23:18:21.982242,9.688663721084595
28,1098655442,knni td,0.729,0.239,d28_seed1098655442_svd,2026-02-20T23:18:21.982242,9.688663721084595
28,1098655442,knni mmr,0.695,0.16,d28_seed1098655442_svd,2026-02-20T23:18:21.982242,9.688663721084595
28,1098655442,svd,0.777,0.242,d28_seed1098655442_svd,2026-02-20T23:18:21.982242,9.688663721084595
28,1098655442,svd td,0.685,0.255,d28_seed1098655442_svd,2026-02-20T23:18:21.982242,9.688663721084595
28,1098655442,svd mmr,0.576,0.222,d28_seed1098655442_svd,2026-02-20T23:18:21.982242,9.688663721084595
28,633259162,knnu,0.822,0.234,d28_seed633259162_svd,2026-02-20T23:18:31.655720,9.670579195022583
28,633259162,knnu td,0.601,0.236,d28_seed633259162_svd,2026-02-20T23:18:31.655720,9.670579195022583
28,633259162,knnu mmr,0.655,0.156,d28_seed633259162_svd,2026-02-20T23:18:31.655720,9.670579195022583
28,633259162,knni,0.767,0.241,d28_seed633259162_svd,2026-02-20T23:18:31.655720,9.670579195022583
28,633259162,knni td,0.729,0.239,d28_seed633259162_svd,2026-02-20T23:18:31.655720,9.670579195022583
28,633259162,knni mmr,0.694,0.161,d28_seed633259162_svd,2026-02-20T23:18:31.655720,9.670579195022583
28,633259162,svd,0.777,0.242,d28_seed633259162_svd,2026-02-20T23:18:31.655720,9.670579195022583
28,633259162,svd td,0.685,0.255,d28_seed633259162_svd,2026-02-20T23:18:31.655720,9.670579195022583
28,633259162,svd mmr,0.576,0.223,d28_seed633259162_svd,2026-02-20T23:18:31.655720,9.670579195022583
28,2047321531,knnu,0.822,0.234,d28_seed2047321531_svd,2026-02-20T23:18:41.343480,9.684752941131592
28,2047321531,knnu td,0.601,0.236,d28_seed2047321531_svd,2026-02-20T23:18:41.343480,9.684752941131592
28,2047321531,knnu mmr,0.649,0.158,d28_seed2047321531_svd,2026-02-20T23:18:41.343480,9.684752941131592
28,2047321531,knni,0.767,0.241,d28_seed2047321531_svd,2026-02-20T23:18:41.343480,9.684752941131592
28,2047321531,knni td,0.729,0.239,d28_seed2047321531_svd,2026-02-20T23:18:41.343480,9.684752941131592
28,2047321531,knni mmr,0.7,0.16,d28_seed2047321531_svd,2026-02-20T23:18:41.343480,9.684752941131592
28,2047321531,svd,0.777,0.242,d28_seed2047321531_svd,2026-02-20T23:18:41.343480,9.684752941131592
28,2047321531,svd td,0.685,0.255,d28_seed2047321531_svd,2026-02-20T23:18:41.343480,9.684752941131592
28,2047321531,svd mmr,0.578,0.223,d28_seed2047321531_svd,2026-02-20T23:18:41.343480,9.684752941131592
28,527024918,knnu,0.822,0.234,d28_seed527024918_svd,2026-02-20T23:18:50.996769,9.644779205322266
28,527024918,knnu td,0.601,0.236,d28_seed527024918_svd,2026-02-20T23:18:50.996769,9.644779205322266
28,527024918,knnu mmr,0.634,0.159,d28_seed527024918_svd,2026-02-20T23:18:50.996769,9.644779205322266
28,527024918,knni,0.767,0.241,d28_seed527024918_svd,2026-02-20T23:18:50.996769,9.644779205322266
28,527024918,knni td,0.729,0.239,d28_seed527024918_svd,2026-02-20T23:18:50.996769,9.644779205322266
28,527024918,knni mmr,0.685,0.16,d28_seed527024918_svd,2026-02-20T23:18:50.996769,9.644779205322266
28,527024918,svd,0.777,0.242,d28_seed527024918_svd,2026-02-20T23:18:50.996769,9.644779205322266
28,527024918,svd td,0.685,0.255,d28_seed527024918_svd,2026-02-20T23:18:50.996769,9.644779205322266
28,527024918,svd mmr,0.578,0.222,d28_seed527024918_svd,2026-02-20T23:18:50.996769,9.644779205322266
28,1317587706,knnu,0.822,0.234,d28_seed1317587706_svd,2026-02-20T23:19:00.719785,9.719746589660645
28,1317587706,knnu td,0.601,0.236,d28_seed1317587706_svd,2026-02-20T23:19:00.719785,9.719746589660645
28,1317587706,knnu mmr,0.626,0.159,d28_seed1317587706_svd,2026-02-20T23:19:00.719785,9.719746589660645
28,1317587706,knni,0.767,0.241,d28_seed1317587706_svd,2026-02-20T23:19:00.719785,9.719746589660645
28,1317587706,knni td,0.729,0.239,d28_seed1317587706_svd,2026-02-20T23:19:00.719785,9.719746589660645
28,1317587706,knni mmr,0.697,0.161,d28_seed1317587706_svd,2026-02-20T23:19:00.719785,9.719746589660645
28,1317587706,svd,0.777,0.242,d28_seed1317587706_svd,2026-02-20T23:19:00.719785,9.719746589660645
28,1317587706,svd td,0.685,0.255,d28_seed1317587706_svd,2026-02-20T23:19:00.719785,9.719746589660645
28,1317587706,svd mmr,0.576,0.221,d28_seed1317587706_svd,2026-02-20T23:19:00.719785,9.719746589660645
28,1036723065,knnu,0.822,0.234,d28_seed1036723065_svd,2026-02-20T23:19:10.492172,9.745479106903076
28,1036723065,knnu td,0.601,0.236,d28_seed1036723065_svd,2026-02-20T23:19:10.492172,9.745479106903076
28,1036723065,knnu mmr,0.638,0.156,d28_seed1036723065_svd,2026-02-20T23:19:10.492172,9.745479106903076
28,1036723065,knni,0.767,0.241,d28_seed1036723065_svd,2026-02-20T23:19:10.492172,9.745479106903076
28,1036723065,knni td,0.729,0.239,d28_seed1036723065_svd,2026-02-20T23:19:10.492172,9.745479106903076
28,1036723065,knni mmr,0.701,0.161,d28_seed1036723065_svd,2026-02-20T23:19:10.492172,9.745479106903076
28,1036723065,svd,0.777,0.242,d28_seed1036723065_svd,2026-02-20T23:19:10.492172,9.745479106903076
28,1036723065,svd td,0.685,0.255,d28_seed1036723065_svd,2026-02-20T23:19:10.492172,9.745479106903076
28,1036723065,svd mmr,0.579,0.222,d28_seed1036723065_svd,2026-02-20T23:19:10.492172,9.745479106903076
28,423235947,knnu,0.822,0.234,d28_seed423235947_svd,2026-02-20T23:19:22.570012,12.073351383209229
28,423235947,knnu td,0.601,0.236,d28_seed423235947_svd,2026-02-20T23:19:22.570012,12.073351383209229
28,423235947,knnu mmr,0.634,0.156,d28_seed423235947_svd,2026-02-20T23:19:22.570012,12.073351383209229
28,423235947,knni,0.767,0.241,d28_seed423235947_svd,2026-02-20T23:19:22.570012,12.073351383209229
28,423235947,knni td,0.729,0.239,d28_seed423235947_svd,2026-02-20T23:19:22.570012,12.073351383209229
28,423235947,knni mmr,0.704,0.161,d28_seed423235947_svd,2026-02-20T23:19:22.570012,12.073351383209229
28,423235947,svd,0.777,0.242,d28_seed423235947_svd,2026-02-20T23:19:22.570012,12.073351383209229
28,423235947,svd td,0.685,0.255,d28_seed423235947_svd,2026-02-20T23:19:22.570012,12.073351383209229
28,423235947,svd mmr,0.576,0.222,d28_seed423235947_svd,2026-02-20T23:19:22.570012,12.073351383209229
28,677482947,knnu,0.822,0.234,d28_seed677482947_svd,2026-02-20T23:19:35.720865,13.141643285751343
28,677482947,knnu td,0.601,0.236,d28_seed677482947_svd,2026-02-20T23:19:35.720865,13.141643285751343
28,677482947,knnu mmr,0.625,0.158,d28_seed677482947_svd,2026-02-20T23:19:35.720865,13.141643285751343
28,677482947,knni,0.767,0.241,d28_seed677482947_svd,2026-02-20T23:19:35.720865,13.141643285751343
28,677482947,knni td,0.729,0.239,d28_seed677482947_svd,2026-02-20T23:19:35.720865,13.141643285751343
28,677482947,knni mmr,0.687,0.16,d28_seed677482947_svd,2026-02-20T23:19:35.720865,13.141643285751343
28,677482947,svd,0.777,0.242,d28_seed677482947_svd,2026-02-20T23:19:35.720865,13.141643285751343
28,677482947,svd td,0.685,0.255,d28_seed677482947_svd,2026-02-20T23:19:35.720865,13.141643285751343
28,677482947,svd mmr,0.58,0.221,d28_seed677482947_svd,2026-02-20T23:19:35.720865,13.141643285751343
28,1492746576,knnu,0.822,0.234,d28_seed1492746576_svd,2026-02-20T23:19:48.540782,12.80283808708191
28,1492746576,knnu td,0.601,0.236,d28_seed1492746576_svd,2026-02-20T23:19:48.540782,12.80283808708191
28,1492746576,knnu mmr,0.649,0.159,d28_seed1492746576_svd,2026-02-20T23:19:48.540782,12.80283808708191
28,1492746576,knni,0.767,0.241,d28_seed1492746576_svd,2026-02-20T23:19:48.540782,12.80283808708191
28,1492746576,knni td,0.729,0.239,d28_seed1492746576_svd,2026-02-20T23:19:48.540782,12.80283808708191
28,1492746576,knni mmr,0.702,0.161,d28_seed1492746576_svd,2026-02-20T23:19:48.540782,12.80283808708191
28,1492746576,svd,0.777,0.242,d28_seed1492746576_svd,2026-02-20T23:19:48.540782,12.80283808708191
28,1492746576,svd td,0.685,0.255,d28_seed1492746576_svd,2026-02-20T23:19:48.540782,12.80283808708191
28,1492746576,svd mmr,0.576,0.222,d28_seed1492746576_svd,2026-02-20T23:19:48.540782,12.80283808708191
28,239209755,knnu,0.822,0.234,d28_seed239209755_svd,2026-02-20T23:20:01.709422,13.180592775344849
28,239209755,knnu td,0.601,0.236,d28_seed239209755_svd,2026-02-20T23:20:01.709422,13.180592775344849
28,239209755,knnu mmr,0.63,0.157,d28_seed239209755_svd,2026-02-20T23:20:01.709422,13.180592775344849
28,239209755,knni,0.767,0.241,d28_seed239209755_svd,2026-02-20T23:20:01.709422,13.180592775344849
28,239209755,knni td,0.729,0.239,d28_seed239209755_svd,2026-02-20T23:20:01.709422,13.180592775344849
28,239209755,knni mmr,0.687,0.161,d28_seed239209755_svd,2026-02-20T23:20:01.709422,13.180592775344849
28,239209755,svd,0.777,0.242,d28_seed239209755_svd,2026-02-20T23:20:01.709422,13.180592775344849
28,239209755,svd td,0.685,0.255,d28_seed239209755_svd,2026-02-20T23:20:01.709422,13.180592775344849
28,239209755,svd mmr,0.579,0.221,d28_seed239209755_svd,2026-02-20T23:20:01.709422,13.180592775344849
28,637016530,knnu,0.822,0.234,d28_seed637016530_svd,2026-02-20T23:20:14.228199,12.438712358474731
28,637016530,knnu td,0.601,0.236,d28_seed637016530_svd,2026-02-20T23:20:14.228199,12.438712358474731
28,637016530,knnu mmr,0.651,0.158,d28_seed637016530_svd,2026-02-20T23:20:14.228199,12.438712358474731
28,637016530,knni,0.767,0.241,d28_seed637016530_svd,2026-02-20T23:20:14.228199,12.438712358474731
28,637016530,knni td,0.729,0.239,d28_seed637016530_svd,2026-02-20T23:20:14.228199,12.438712358474731
28,637016530,knni mmr,0.697,0.163,d28_seed637016530_svd,2026-02-20T23:20:14.228199,12.438712358474731
28,637016530,svd,0.777,0.242,d28_seed637016530_svd,2026-02-20T23:20:14.228199,12.438712358474731
28,637016530,svd td,0.685,0.255,d28_seed637016530_svd,2026-02-20T23:20:14.228199,12.438712358474731
28,637016530,svd mmr,0.581,0.222,d28_seed637016530_svd,2026-02-20T23:20:14.228199,12.438712358474731
28,835817041,knnu,0.822,0.234,d28_seed835817041_svd,2026-02-20T23:20:27.487883,13.254590511322021
28,835817041,knnu td,0.601,0.236,d28_seed835817041_svd,2026-02-20T23:20:27.487883,13.254590511322021
28,835817041,knnu mmr,0.669,0.156,d28_seed835817041_svd,2026-02-20T23:20:27.487883,13.254590511322021
28,835817041,knni,0.767,0.241,d28_seed835817041_svd,2026-02-20T23:20:27.487883,13.254590511322021
28,835817041,knni td,0.729,0.239,d28_seed835817041_svd,2026-02-20T23:20:27.487883,13.254590511322021
28,835817041,knni mmr,0.704,0.161,d28_seed835817041_svd,2026-02-20T23:20:27.487883,13.254590511322021
28,835817041,svd,0.777,0.242,d28_seed835817041_svd,2026-02-20T23:20:27.487883,13.254590511322021
28,835817041,svd td,0.685,0.255,d28_seed835817041_svd,2026-02-20T23:20:27.487883,13.254590511322021
28,835817041,svd mmr,0.579,0.222,d28_seed835817041_svd,2026-02-20T23:20:27.487883,13.254590511322021
28,719958201,knnu,0.822,0.234,d28_seed719958201_svd,2026-02-20T23:20:40.416019,12.921036005020142
28,719958201,knnu td,0.601,0.236,d28_seed719958201_svd,2026-02-20T23:20:40.416019,12.921036005020142
28,719958201,knnu mmr,0.642,0.158,d28_seed719958201_svd,2026-02-20T23:20:40.416019,12.921036005020142
28,719958201,knni,0.767,0.241,d28_seed719958201_svd,2026-02-20T23:20:40.416019,12.921036005020142
28,719958201,knni td,0.729,0.239,d28_seed719958201_svd,2026-02-20T23:20:40.416019,12.921036005020142
28,719958201,knni mmr,0.698,0.161,d28_seed719958201_svd,2026-02-20T23:20:40.416019,12.921036005020142
28,719958201,svd,0.777,0.242,d28_seed719958201_svd,2026-02-20T23:20:40.416019,12.921036005020142
28,719958201,svd td,0.685,0.255,d28_seed719958201_svd,2026-02-20T23:20:40.416019,12.921036005020142
28,719958201,svd mmr,0.578,0.223,d28_seed719958201_svd,2026-02-20T23:20:40.416019,12.921036005020142
28,2004394224,knnu,0.822,0.234,d28_seed2004394224_svd,2026-02-20T23:20:53.830020,13.407697439193726
28,2004394224,knnu td,0.601,0.236,d28_seed2004394224_svd,2026-02-20T23:20:53.830020,13.407697439193726
28,2004394224,knnu mmr,0.67,0.157,d28_seed2004394224_svd,2026-02-20T23:20:53.830020,13.407697439193726
28,2004394224,knni,0.767,0.241,d28_seed2004394224_svd,2026-02-20T23:20:53.830020,13.407697439193726
28,2004394224,knni td,0.729,0.239,d28_seed2004394224_svd,2026-02-20T23:20:53.830020,13.407697439193726
28,2004394224,knni mmr,0.707,0.161,d28_seed2004394224_svd,2026-02-20T23:20:53.830020,13.407697439193726
28,2004394224,svd,0.777,0.242,d28_seed2004394224_svd,2026-02-20T23:20:53.830020,13.407697439193726
28,2004394224,svd td,0.685,0.255,d28_seed2004394224_svd,2026-02-20T23:20:53.830020,13.407697439193726
28,2004394224,svd mmr,0.579,0.221,d28_seed2004394224_svd,2026-02-20T23:20:53.830020,13.407697439193726
28,1047637579,knnu,0.822,0.234,d28_seed1047637579_svd,2026-02-20T23:21:06.247766,12.39974331855774
28,1047637579,knnu td,0.601,0.236,d28_seed1047637579_svd,2026-02-20T23:21:06.247766,12.39974331855774
28,1047637579,knnu mmr,0.639,0.158,d28_seed1047637579_svd,2026-02-20T23:21:06.247766,12.39974331855774
28,1047637579,knni,0.767,0.241,d28_seed1047637579_svd,2026-02-20T23:21:06.247766,12.39974331855774
28,1047637579,knni td,0.729,0.239,d28_seed1047637579_svd,2026-02-20T23:21:06.247766,12.39974331855774
28,1047637579,knni mmr,0.675,0.161,d28_seed1047637579_svd,2026-02-20T23:21:06.247766,12.39974331855774
28,1047637579,svd,0.777,0.242,d28_seed1047637579_svd,2026-02-20T23:21:06.247766,12.39974331855774
28,1047637579,svd td,0.685,0.255,d28_seed1047637579_svd,2026-02-20T23:21:06.247766,12.39974331855774
28,1047637579,svd mmr,0.579,0.222,d28_seed1047637579_svd,2026-02-20T23:21:06.247766,12.39974331855774
33,358056291,knnu,0.822,0.234,d33_seed358056291_svd,2026-02-20T23:21:19.191306,12.897080898284912
33,358056291,knnu td,0.601,0.236,d33_seed358056291_svd,2026-02-20T23:21:19.191306,12.897080898284912
33,358056291,knnu mmr,0.657,0.156,d33_seed358056291_svd,2026-02-20T23:21:19.191306,12.897080898284912
33,358056291,knni,0.767,0.241,d33_seed358056291_svd,2026-02-20T23:21:19.191306,12.897080898284912
33,358056291,knni td,0.729,0.239,d33_seed358056291_svd,2026-02-20T23:21:19.191306,12.897080898284912
33,358056291,knni mmr,0.688,0.159,d33_seed358056291_svd,2026-02-20T23:21:19.191306,12.897080898284912
33,358056291,svd,0.777,0.242,d33_seed358056291_svd,2026-02-20T23:21:19.191306,12.897080898284912
33,358056291,svd td,0.685,0.255,d33_seed358056291_svd,2026-02-20T23:21:19.191306,12.897080898284912
33,358056291,svd mmr,0.578,0.223,d33_seed358056291_svd,2026-02-20T23:21:19.191306,12.897080898284912
33,1576296115,knnu,0.822,0.234,d33_seed1576296115_svd,2026-02-20T23:21:31.746081,12.547477006912231
33,1576296115,knnu td,0.601,0.236,d33_seed1576296115_svd,2026-02-20T23:21:31.746081,12.547477006912231
33,1576296115,knnu mmr,0.642,0.154,d33_seed1576296115_svd,2026-02-20T23:21:31.746081,12.547477006912231
33,1576296115,knni,0.767,0.241,d33_seed1576296115_svd,2026-02-20T23:21:31.746081,12.547477006912231
33,1576296115,knni td,0.729,0.239,d33_seed1576296115_svd,2026-02-20T23:21:31.746081,12.547477006912231
33,1576296115,knni mmr,0.689,0.159,d33_seed1576296115_svd,2026-02-20T23:21:31.746081,12.547477006912231
33,1576296115,svd,0.777,0.242,d33_seed1576296115_svd,2026-02-20T23:21:31.746081,12.547477006912231
33,1576296115,svd td,0.685,0.255,d33_seed1576296115_svd,2026-02-20T23:21:31.746081,12.547477006912231
33,1576296115,svd mmr,0.58,0.223,d33_seed1576296115_svd,2026-02-20T23:21:31.746081,12.547477006912231
33,1631363395,knnu,0.822,0.234,d33_seed1631363395_svd,2026-02-20T23:21:44.404666,12.647683382034302
33,1631363395,knnu td,0.601,0.236,d33_seed1631363395_svd,2026-02-20T23:21:44.404666,12.647683382034302
33,1631363395,knnu mmr,0.628,0.153,d33_seed1631363395_svd,2026-02-20T23:21:44.404666,12.647683382034302
33,1631363395,knni,0.767,0.241,d33_seed1631363395_svd,2026-02-20T23:21:44.404666,12.647683382034302
33,1631363395,knni td,0.729,0.239,d33_seed1631363395_svd,2026-02-20T23:21:44.404666,12.647683382034302
33,1631363395,knni mmr,0.704,0.158,d33_seed1631363395_svd,2026-02-20T23:21:44.404666,12.647683382034302
33,1631363395,svd,0.777,0.242,d33_seed1631363395_svd,2026-02-20T23:21:44.404666,12.647683382034302
33,1631363395,svd td,0.685,0.255,d33_seed1631363395_svd,2026-02-20T23:21:44.404666,12.647683382034302
33,1631363395,svd mmr,0.581,0.222,d33_seed1631363395_svd,2026-02-20T23:21:44.404666,12.647683382034302
33,169153558,knnu,0.822,0.234,d33_seed169153558_svd,2026-02-20T23:21:57.774858,13.36502480506897
33,169153558,knnu td,0.601,0.236,d33_seed169153558_svd,2026-02-20T23:21:57.774858,13.36502480506897
33,169153558,knnu mmr,0.65,0.154,d33_seed169153558_svd,2026-02-20T23:21:57.774858,13.36502480506897
33,169153558,knni,0.767,0.241,d33_seed169153558_svd,2026-02-20T23:21:57.774858,13.36502480506897
33,169153558,knni td,0.729,0.239,d33_seed169153558_svd,2026-02-20T23:21:57.774858,13.36502480506897
33,169153558,knni mmr,0.703,0.159,d33_seed169153558_svd,2026-02-20T23:21:57.774858,13.36502480506897
33,169153558,svd,0.777,0.242,d33_seed169153558_svd,2026-02-20T23:21:57.774858,13.36502480506897
33,169153558,svd td,0.685,0.255,d33_seed169153558_svd,2026-02-20T23:21:57.774858,13.36502480506897
33,169153558,svd mmr,0.58,0.222,d33_seed169153558_svd,2026-02-20T23:21:57.774858,13.36502480506897
33,690066093,knnu,0.822,0.234,d33_seed690066093_svd,2026-02-20T23:22:10.914927,13.13572883605957
33,690066093,knnu td,0.601,0.236,d33_seed690066093_svd,2026-02-20T23:22:10.914927,13.13572883605957
33,690066093,knnu mmr,0.66,0.154,d33_seed690066093_svd,2026-02-20T23:22:10.914927,13.13572883605957
33,690066093,knni,0.767,0.241,d33_seed690066093_svd,2026-02-20T23:22:10.914927,13.13572883605957
33,690066093,knni td,0.729,0.239,d33_seed690066093_svd,2026-02-20T23:22:10.914927,13.13572883605957
33,690066093,knni mmr,0.698,0.159,d33_seed690066093_svd,2026-02-20T23:22:10.914927,13.13572883605957
33,690066093,svd,0.777,0.242,d33_seed690066093_svd,2026-02-20T23:22:10.914927,13.13572883605957
33,690066093,svd td,0.685,0.255,d33_seed690066093_svd,2026-02-20T23:22:10.914927,13.13572883605957
33,690066093,svd mmr,0.578,0.223,d33_seed690066093_svd,2026-02-20T23:22:10.914927,13.13572883605957
33,1098655442,knnu,0.822,0.234,d33_seed1098655442_svd,2026-02-20T23:22:24.355477,13.372881174087524
33,1098655442,knnu td,0.601,0.236,d33_seed1098655442_svd,2026-02-20T23:22:24.355477,13.372881174087524
33,1098655442,knnu mmr,0.644,0.155,d33_seed1098655442_svd,2026-02-20T23:22:24.355477,13.372881174087524
33,1098655442,knni,0.767,0.241,d33_seed1098655442_svd,2026-02-20T23:22:24.355477,13.372881174087524
33,1098655442,knni td,0.729,0.239,d33_seed1098655442_svd,2026-02-20T23:22:24.355477,13.372881174087524
33,1098655442,knni mmr,0.697,0.159,d33_seed1098655442_svd,2026-02-20T23:22:24.355477,13.372881174087524
33,1098655442,svd,0.777,0.242,d33_seed1098655442_svd,2026-02-20T23:22:24.355477,13.372881174087524
33,1098655442,svd td,0.685,0.255,d33_seed1098655442_svd,2026-02-20T23:22:24.355477,13.372881174087524
33,1098655442,svd mmr,0.577,0.223,d33_seed1098655442_svd,2026-02-20T23:22:24.355477,13.372881174087524
33,633259162,knnu,0.822,0.234,d33_seed633259162_svd,2026-02-20T23:22:37.145552,12.782718896865845
33,633259162,knnu td,0.601,0.236,d33_seed633259162_svd,2026-02-20T23:22:37.145552,12.782718896865845
33,633259162,knnu mmr,0.646,0.156,d33_seed633259162_svd,2026-02-20T23:22:37.145552,12.782718896865845
33,633259162,knni,0.767,0.241,d33_seed633259162_svd,2026-02-20T23:22:37.145552,12.782718896865845
33,633259162,knni td,0.729,0.239,d33_seed633259162_svd,2026-02-20T23:22:37.145552,12.782718896865845
33,633259162,knni mmr,0.704,0.158,d33_seed633259162_svd,2026-02-20T23:22:37.145552,12.782718896865845
33,633259162,svd,0.777,0.242,d33_seed633259162_svd,2026-02-20T23:22:37.145552,12.782718896865845
33,633259162,svd td,0.685,0.255,d33_seed633259162_svd,2026-02-20T23:22:37.145552,12.782718896865845
33,633259162,svd mmr,0.578,0.222,d33_seed633259162_svd,2026-02-20T23:22:37.145552,12.782718896865845
33,2047321531,knnu,0.822,0.234,d33_seed2047321531_svd,2026-02-20T23:22:50.092359,12.922579288482666
33,2047321531,knnu td,0.601,0.236,d33_seed2047321531_svd,2026-02-20T23:22:50.092359,12.922579288482666
33,2047321531,knnu mmr,0.639,0.155,d33_seed2047321531_svd,2026-02-20T23:22:50.092359,12.922579288482666
33,2047321531,knni,0.767,0.241,d33_seed2047321531_svd,2026-02-20T23:22:50.092359,12.922579288482666
33,2047321531,knni td,0.729,0.239,d33_seed2047321531_svd,2026-02-20T23:22:50.092359,12.922579288482666
33,2047321531,knni mmr,0.696,0.159,d33_seed2047321531_svd,2026-02-20T23:22:50.092359,12.922579288482666
33,2047321531,svd,0.777,0.242,d33_seed2047321531_svd,2026-02-20T23:22:50.092359,12.922579288482666
33,2047321531,svd td,0.685,0.255,d33_seed2047321531_svd,2026-02-20T23:22:50.092359,12.922579288482666
33,2047321531,svd mmr,0.577,0.224,d33_seed2047321531_svd,2026-02-20T23:22:50.092359,12.922579288482666
33,527024918,knnu,0.822,0.234,d33_seed527024918_svd,2026-02-20T23:23:03.066122,12.974756717681885
33,527024918,knnu td,0.601,0.236,d33_seed527024918_svd,2026-02-20T23:23:03.066122,12.974756717681885
33,527024918,knnu mmr,0.64,0.156,d33_seed527024918_svd,2026-02-20T23:23:03.066122,12.974756717681885
33,527024918,knni,0.767,0.241,d33_seed527024918_svd,2026-02-20T23:23:03.066122,12.974756717681885
33,527024918,knni td,0.729,0.239,d33_seed527024918_svd,2026-02-20T23:23:03.066122,12.974756717681885
33,527024918,knni mmr,0.699,0.159,d33_seed527024918_svd,2026-02-20T23:23:03.066122,12.974756717681885
33,527024918,svd,0.777,0.242,d33_seed527024918_svd,2026-02-20T23:23:03.066122,12.974756717681885
33,527024918,svd td,0.685,0.255,d33_seed527024918_svd,2026-02-20T23:23:03.066122,12.974756717681885
33,527024918,svd mmr,0.576,0.222,d33_seed527024918_svd,2026-02-20T23:23:03.066122,12.974756717681885
33,1317587706,knnu,0.822,0.234,d33_seed1317587706_svd,2026-02-20T23:23:16.629652,13.563115358352661
33,1317587706,knnu td,0.601,0.236,d33_seed1317587706_svd,2026-02-20T23:23:16.629652,13.563115358352661
33,1317587706,knnu mmr,0.661,0.155,d33_seed1317587706_svd,2026-02-20T23:23:16.629652,13.563115358352661
33,1317587706,knni,0.767,0.241,d33_seed1317587706_svd,2026-02-20T23:23:16.629652,13.563115358352661
33,1317587706,knni td,0.729,0.239,d33_seed1317587706_svd,2026-02-20T23:23:16.629652,13.563115358352661
33,1317587706,knni mmr,0.699,0.159,d33_seed1317587706_svd,2026-02-20T23:23:16.629652,13.563115358352661
33,1317587706,svd,0.777,0.242,d33_seed1317587706_svd,2026-02-20T23:23:16.629652,13.563115358352661
33,1317587706,svd td,0.685,0.255,d33_seed1317587706_svd,2026-02-20T23:23:16.629652,13.563115358352661
33,1317587706,svd mmr,0.578,0.223,d33_seed1317587706_svd,2026-02-20T23:23:16.629652,13.563115358352661
33,1036723065,knnu,0.822,0.234,d33_seed1036723065_svd,2026-02-20T23:23:29.920084,13.208189487457275
33,1036723065,knnu td,0.601,0.236,d33_seed1036723065_svd,2026-02-20T23:23:29.920084,13.208189487457275
33,1036723065,knnu mmr,0.641,0.155,d33_seed1036723065_svd,2026-02-20T23:23:29.920084,13.208189487457275
33,1036723065,knni,0.767,0.241,d33_seed1036723065_svd,2026-02-20T23:23:29.920084,13.208189487457275
33,1036723065,knni td,0.729,0.239,d33_seed1036723065_svd,2026-02-20T23:23:29.920084,13.208189487457275
33,1036723065,knni mmr,0.687,0.159,d33_seed1036723065_svd,2026-02-20T23:23:29.920084,13.208189487457275
33,1036723065,svd,0.777,0.242,d33_seed1036723065_svd,2026-02-20T23:23:29.920084,13.208189487457275
33,1036723065,svd td,0.685,0.255,d33_seed1036723065_svd,2026-02-20T23:23:29.920084,13.208189487457275
33,1036723065,svd mmr,0.58,0.222,d33_seed1036723065_svd,2026-02-20T23:23:29.920084,13.208189487457275
33,423235947,knnu,0.822,0.234,d33_seed423235947_svd,2026-02-20T23:23:43.206257,13.28314733505249
33,423235947,knnu td,0.601,0.236,d33_seed423235947_svd,2026-02-20T23:23:43.206257,13.28314733505249
33,423235947,knnu mmr,0.661,0.156,d33_seed423235947_svd,2026-02-20T23:23:43.206257,13.28314733505249
33,423235947,knni,0.767,0.241,d33_seed423235947_svd,2026-02-20T23:23:43.206257,13.28314733505249
33,423235947,knni td,0.729,0.239,d33_seed423235947_svd,2026-02-20T23:23:43.206257,13.28314733505249
33,423235947,knni mmr,0.678,0.159,d33_seed423235947_svd,2026-02-20T23:23:43.206257,13.28314733505249
33,423235947,svd,0.777,0.242,d33_seed423235947_svd,2026-02-20T23:23:43.206257,13.28314733505249
33,423235947,svd td,0.685,0.255,d33_seed423235947_svd,2026-02-20T23:23:43.206257,13.28314733505249
33,423235947,svd mmr,0.58,0.222,d33_seed423235947_svd,2026-02-20T23:23:43.206257,13.28314733505249
33,677482947,knnu,0.822,0.234,d33_seed677482947_svd,2026-02-20T23:23:56.499171,13.278242826461792
33,677482947,knnu td,0.601,0.236,d33_seed677482947_svd,2026-02-20T23:23:56.499171,13.278242826461792
33,677482947,knnu mmr,0.64,0.155,d33_seed677482947_svd,2026-02-20T23:23:56.499171,13.278242826461792
33,677482947,knni,0.767,0.241,d33_seed677482947_svd,2026-02-20T23:23:56.499171,13.278242826461792
33,677482947,knni td,0.729,0.239,d33_seed677482947_svd,2026-02-20T23:23:56.499171,13.278242826461792
33,677482947,knni mmr,0.71,0.158,d33_seed677482947_svd,2026-02-20T23:23:56.499171,13.278242826461792
33,677482947,svd,0.777,0.242,d33_seed677482947_svd,2026-02-20T23:23:56.499171,13.278242826461792
33,677482947,svd td,0.685,0.255,d33_seed677482947_svd,2026-02-20T23:23:56.499171,13.278242826461792
33,677482947,svd mmr,0.577,0.223,d33_seed677482947_svd,2026-02-20T23:23:56.499171,13.278242826461792
33,1492746576,knnu,0.822,0.234,d33_seed1492746576_svd,2026-02-20T23:24:10.708878,14.216504573822021
33,1492746576,knnu td,0.601,0.236,d33_seed1492746576_svd,2026-02-20T23:24:10.708878,14.216504573822021
33,1492746576,knnu mmr,0.644,0.157,d33_seed1492746576_svd,2026-02-20T23:24:10.708878,14.216504573822021
33,1492746576,knni,0.767,0.241,d33_seed1492746576_svd,2026-02-20T23:24:10.708878,14.216504573822021
33,1492746576,knni td,0.729,0.239,d33_seed1492746576_svd,2026-02-20T23:24:10.708878,14.216504573822021
33,1492746576,knni mmr,0.712,0.159,d33_seed1492746576_svd,2026-02-20T23:24:10.708878,14.216504573822021
33,1492746576,svd,0.777,0.242,d33_seed1492746576_svd,2026-02-20T23:24:10.708878,14.216504573822021
33,1492746576,svd td,0.685,0.255,d33_seed1492746576_svd,2026-02-20T23:24:10.708878,14.216504573822021
33,1492746576,svd mmr,0.581,0.222,d33_seed1492746576_svd,2026-02-20T23:24:10.708878,14.216504573822021
33,239209755,knnu,0.822,0.234,d33_seed239209755_svd,2026-02-20T23:24:47.303044,36.585312843322754
33,239209755,knnu td,0.601,0.236,d33_seed239209755_svd,2026-02-20T23:24:47.303044,36.585312843322754
33,239209755,knnu mmr,0.661,0.154,d33_seed239209755_svd,2026-02-20T23:24:47.303044,36.585312843322754
33,239209755,knni,0.767,0.241,d33_seed239209755_svd,2026-02-20T23:24:47.303044,36.585312843322754
33,239209755,knni td,0.729,0.239,d33_seed239209755_svd,2026-02-20T23:24:47.303044,36.585312843322754
33,239209755,knni mmr,0.702,0.159,d33_seed239209755_svd,2026-02-20T23:24:47.303044,36.585312843322754
33,239209755,svd,0.777,0.242,d33_seed239209755_svd,2026-02-20T23:24:47.303044,36.585312843322754
33,239209755,svd td,0.685,0.255,d33_seed239209755_svd,2026-02-20T23:24:47.303044,36.585312843322754
33,239209755,svd mmr,0.579,0.223,d33_seed239209755_svd,2026-02-20T23:24:47.303044,36.585312843322754
33,637016530,knnu,0.822,0.234,d33_seed637016530_svd,2026-02-20T23:25:00.861626,13.5147385597229
33,637016530,knnu td,0.601,0.236,d33_seed637016530_svd,2026-02-20T23:25:00.861626,13.5147385597229
33,637016530,knnu mmr,0.66,0.155,d33_seed637016530_svd,2026-02-20T23:25:00.861626,13.5147385597229
33,637016530,knni,0.767,0.241,d33_seed637016530_svd,2026-02-20T23:25:00.861626,13.5147385597229
33,637016530,knni td,0.729,0.239,d33_seed637016530_svd,2026-02-20T23:25:00.861626,13.5147385597229
33,637016530,knni mmr,0.706,0.159,d33_seed637016530_svd,2026-02-20T23:25:00.861626,13.5147385597229
33,637016530,svd,0.777,0.242,d33_seed637016530_svd,2026-02-20T23:25:00.861626,13.5147385597229
33,637016530,svd td,0.685,0.255,d33_seed637016530_svd,2026-02-20T23:25:00.861626,13.5147385597229
33,637016530,svd mmr,0.579,0.222,d33_seed637016530_svd,2026-02-20T23:25:00.861626,13.5147385597229
33,835817041,knnu,0.822,0.234,d33_seed835817041_svd,2026-02-20T23:25:14.012853,13.13553786277771
33,835817041,knnu td,0.601,0.236,d33_seed835817041_svd,2026-02-20T23:25:14.012853,13.13553786277771
33,835817041,knnu mmr,0.644,0.155,d33_seed835817041_svd,2026-02-20T23:25:14.012853,13.13553786277771
33,835817041,knni,0.767,0.241,d33_seed835817041_svd,2026-02-20T23:25:14.012853,13.13553786277771
33,835817041,knni td,0.729,0.239,d33_seed835817041_svd,2026-02-20T23:25:14.012853,13.13553786277771
33,835817041,knni mmr,0.706,0.16,d33_seed835817041_svd,2026-02-20T23:25:14.012853,13.13553786277771
33,835817041,svd,0.777,0.242,d33_seed835817041_svd,2026-02-20T23:25:14.012853,13.13553786277771
33,835817041,svd td,0.685,0.255,d33_seed835817041_svd,2026-02-20T23:25:14.012853,13.13553786277771
33,835817041,svd mmr,0.578,0.223,d33_seed835817041_svd,2026-02-20T23:25:14.012853,13.13553786277771
33,719958201,knnu,0.822,0.234,d33_seed719958201_svd,2026-02-20T23:25:27.120824,13.10683798789978
33,719958201,knnu td,0.601,0.236,d33_seed719958201_svd,2026-02-20T23:25:27.120824,13.10683798789978
33,719958201,knnu mmr,0.655,0.154,d33_seed719958201_svd,2026-02-20T23:25:27.120824,13.10683798789978
33,719958201,knni,0.767,0.241,d33_seed719958201_svd,2026-02-20T23:25:27.120824,13.10683798789978
33,719958201,knni td,0.729,0.239,d33_seed719958201_svd,2026-02-20T23:25:27.120824,13.10683798789978
33,719958201,knni mmr,0.701,0.159,d33_seed719958201_svd,2026-02-20T23:25:27.120824,13.10683798789978
33,719958201,svd,0.777,0.242,d33_seed719958201_svd,2026-02-20T23:25:27.120824,13.10683798789978
33,719958201,svd td,0.685,0.255,d33_seed719958201_svd,2026-02-20T23:25:27.120824,13.10683798789978
33,719958201,svd mmr,0.577,0.223,d33_seed719958201_svd,2026-02-20T23:25:27.120824,13.10683798789978
33,2004394224,knnu,0.822,0.234,d33_seed2004394224_svd,2026-02-20T23:25:40.305075,13.175702810287476
33,2004394224,knnu td,0.601,0.236,d33_seed2004394224_svd,2026-02-20T23:25:40.305075,13.175702810287476
33,2004394224,knnu mmr,0.626,0.157,d33_seed2004394224_svd,2026-02-20T23:25:40.305075,13.175702810287476
33,2004394224,knni,0.767,0.241,d33_seed2004394224_svd,2026-02-20T23:25:40.305075,13.175702810287476
33,2004394224,knni td,0.729,0.239,d33_seed2004394224_svd,2026-02-20T23:25:40.305075,13.175702810287476
33,2004394224,knni mmr,0.693,0.159,d33_seed2004394224_svd,2026-02-20T23:25:40.305075,13.175702810287476
33,2004394224,svd,0.777,0.242,d33_seed2004394224_svd,2026-02-20T23:25:40.305075,13.175702810287476
33,2004394224,svd td,0.685,0.255,d33_seed2004394224_svd,2026-02-20T23:25:40.305075,13.175702810287476
33,2004394224,svd mmr,0.577,0.222,d33_seed2004394224_svd,2026-02-20T23:25:40.305075,13.175702810287476
33,1047637579,knnu,0.822,0.234,d33_seed1047637579_svd,2026-02-20T23:25:53.025121,12.711832761764526
33,1047637579,knnu td,0.601,0.236,d33_seed1047637579_svd,2026-02-20T23:25:53.025121,12.711832761764526
33,1047637579,knnu mmr,0.642,0.155,d33_seed1047637579_svd,2026-02-20T23:25:53.025121,12.711832761764526
33,1047637579,knni,0.767,0.241,d33_seed1047637579_svd,2026-02-20T23:25:53.025121,12.711832761764526
33,1047637579,knni td,0.729,0.239,d33_seed1047637579_svd,2026-02-20T23:25:53.025121,12.711832761764526
33,1047637579,knni mmr,0.685,0.159,d33_seed1047637579_svd,2026-02-20T23:25:53.025121,12.711832761764526
33,1047637579,svd,0.777,0.242,d33_seed1047637579_svd,2026-02-20T23:25:53.025121,12.711832761764526
33,1047637579,svd td,0.685,0.255,d33_seed1047637579_svd,2026-02-20T23:25:53.025121,12.711832761764526
33,1047637579,svd mmr,0.574,0.223,d33_seed1047637579_svd,2026-02-20T23:25:53.025121,12.711832761764526
38,358056291,knnu,0.822,0.234,d38_seed358056291_svd,2026-02-20T23:26:05.838123,12.744325637817383
38,358056291,knnu td,0.601,0.236,d38_seed358056291_svd,2026-02-20T23:26:05.838123,12.744325637817383
38,358056291,knnu mmr,0.654,0.156,d38_seed358056291_svd,2026-02-20T23:26:05.838123,12.744325637817383
38,358056291,knni,0.767,0.241,d38_seed358056291_svd,2026-02-20T23:26:05.838123,12.744325637817383
38,358056291,knni td,0.729,0.239,d38_seed358056291_svd,2026-02-20T23:26:05.838123,12.744325637817383
38,358056291,knni mmr,0.699,0.158,d38_seed358056291_svd,2026-02-20T23:26:05.838123,12.744325637817383
38,358056291,svd,0.777,0.242,d38_seed358056291_svd,2026-02-20T23:26:05.838123,12.744325637817383
38,358056291,svd td,0.685,0.255,d38_seed358056291_svd,2026-02-20T23:26:05.838123,12.744325637817383
38,358056291,svd mmr,0.578,0.223,d38_seed358056291_svd,2026-02-20T23:26:05.838123,12.744325637817383
38,1576296115,knnu,0.822,0.234,d38_seed1576296115_svd,2026-02-20T23:26:19.561022,13.71083688735962
38,1576296115,knnu td,0.601,0.236,d38_seed1576296115_svd,2026-02-20T23:26:19.561022,13.71083688735962
38,1576296115,knnu mmr,0.653,0.156,d38_seed1576296115_svd,2026-02-20T23:26:19.561022,13.71083688735962
38,1576296115,knni,0.767,0.241,d38_seed1576296115_svd,2026-02-20T23:26:19.561022,13.71083688735962
38,1576296115,knni td,0.729,0.239,d38_seed1576296115_svd,2026-02-20T23:26:19.561022,13.71083688735962
38,1576296115,knni mmr,0.69,0.157,d38_seed1576296115_svd,2026-02-20T23:26:19.561022,13.71083688735962
38,1576296115,svd,0.777,0.242,d38_seed1576296115_svd,2026-02-20T23:26:19.561022,13.71083688735962
38,1576296115,svd td,0.685,0.255,d38_seed1576296115_svd,2026-02-20T23:26:19.561022,13.71083688735962
38,1576296115,svd mmr,0.577,0.223,d38_seed1576296115_svd,2026-02-20T23:26:19.561022,13.71083688735962
38,1631363395,knnu,0.822,0.234,d38_seed1631363395_svd,2026-02-20T23:26:32.274071,12.702417850494385
38,1631363395,knnu td,0.601,0.236,d38_seed1631363395_svd,2026-02-20T23:26:32.274071,12.702417850494385
38,1631363395,knnu mmr,0.668,0.157,d38_seed1631363395_svd,2026-02-20T23:26:32.274071,12.702417850494385
38,1631363395,knni,0.767,0.241,d38_seed1631363395_svd,2026-02-20T23:26:32.274071,12.702417850494385
38,1631363395,knni td,0.729,0.239,d38_seed1631363395_svd,2026-02-20T23:26:32.274071,12.702417850494385
38,1631363395,knni mmr,0.691,0.158,d38_seed1631363395_svd,2026-02-20T23:26:32.274071,12.702417850494385
38,1631363395,svd,0.777,0.242,d38_seed1631363395_svd,2026-02-20T23:26:32.274071,12.702417850494385
38,1631363395,svd td,0.685,0.255,d38_seed1631363395_svd,2026-02-20T23:26:32.274071,12.702417850494385
38,1631363395,svd mmr,0.578,0.223,d38_seed1631363395_svd,2026-02-20T23:26:32.274071,12.702417850494385
38,169153558,knnu,0.822,0.234,d38_seed169153558_svd,2026-02-20T23:26:44.839174,12.567101001739502
38,169153558,knnu td,0.601,0.236,d38_seed169153558_svd,2026-02-20T23:26:44.839174,12.567101001739502
38,169153558,knnu mmr,0.653,0.156,d38_seed169153558_svd,2026-02-20T23:26:44.839174,12.567101001739502
38,169153558,knni,0.767,0.241,d38_seed169153558_svd,2026-02-20T23:26:44.839174,12.567101001739502
38,169153558,knni td,0.729,0.239,d38_seed169153558_svd,2026-02-20T23:26:44.839174,12.567101001739502
38,169153558,knni mmr,0.697,0.157,d38_seed169153558_svd,2026-02-20T23:26:44.839174,12.567101001739502
38,169153558,svd,0.777,0.242,d38_seed169153558_svd,2026-02-20T23:26:44.839174,12.567101001739502
38,169153558,svd td,0.685,0.255,d38_seed169153558_svd,2026-02-20T23:26:44.839174,12.567101001739502
38,169153558,svd mmr,0.577,0.223,d38_seed169153558_svd,2026-02-20T23:26:44.839174,12.567101001739502
38,690066093,knnu,0.822,0.234,d38_seed690066093_svd,2026-02-20T23:26:58.313108,13.468160152435303
38,690066093,knnu td,0.601,0.236,d38_seed690066093_svd,2026-02-20T23:26:58.313108,13.468160152435303
38,690066093,knnu mmr,0.666,0.157,d38_seed690066093_svd,2026-02-20T23:26:58.313108,13.468160152435303
38,690066093,knni,0.767,0.241,d38_seed690066093_svd,2026-02-20T23:26:58.313108,13.468160152435303
38,690066093,knni td,0.729,0.239,d38_seed690066093_svd,2026-02-20T23:26:58.313108,13.468160152435303
38,690066093,knni mmr,0.698,0.158,d38_seed690066093_svd,2026-02-20T23:26:58.313108,13.468160152435303
38,690066093,svd,0.777,0.242,d38_seed690066093_svd,2026-02-20T23:26:58.313108,13.468160152435303
38,690066093,svd td,0.685,0.255,d38_seed690066093_svd,2026-02-20T23:26:58.313108,13.468160152435303
38,690066093,svd mmr,0.578,0.223,d38_seed690066093_svd,2026-02-20T23:26:58.313108,13.468160152435303
38,1098655442,knnu,0.822,0.234,d38_seed1098655442_svd,2026-02-20T23:27:10.976065,12.589764833450317
38,1098655442,knnu td,0.601,0.236,d38_seed1098655442_svd,2026-02-20T23:27:10.976065,12.589764833450317
38,1098655442,knnu mmr,0.64,0.156,d38_seed1098655442_svd,2026-02-20T23:27:10.976065,12.589764833450317
38,1098655442,knni,0.767,0.241,d38_seed1098655442_svd,2026-02-20T23:27:10.976065,12.589764833450317
38,1098655442,knni td,0.729,0.239,d38_seed1098655442_svd,2026-02-20T23:27:10.976065,12.589764833450317
38,1098655442,knni mmr,0.699,0.157,d38_seed1098655442_svd,2026-02-20T23:27:10.976065,12.589764833450317
38,1098655442,svd,0.777,0.242,d38_seed1098655442_svd,2026-02-20T23:27:10.976065,12.589764833450317
38,1098655442,svd td,0.685,0.255,d38_seed1098655442_svd,2026-02-20T23:27:10.976065,12.589764833450317
38,1098655442,svd mmr,0.578,0.224,d38_seed1098655442_svd,2026-02-20T23:27:10.976065,12.589764833450317
38,633259162,knnu,0.822,0.234,d38_seed633259162_svd,2026-02-20T23:27:24.640970,13.652148246765137
38,633259162,knnu td,0.601,0.236,d38_seed633259162_svd,2026-02-20T23:27:24.640970,13.652148246765137
38,633259162,knnu mmr,0.669,0.157,d38_seed633259162_svd,2026-02-20T23:27:24.640970,13.652148246765137
38,633259162,knni,0.767,0.241,d38_seed633259162_svd,2026-02-20T23:27:24.640970,13.652148246765137
38,633259162,knni td,0.729,0.239,d38_seed633259162_svd,2026-02-20T23:27:24.640970,13.652148246765137
38,633259162,knni mmr,0.703,0.157,d38_seed633259162_svd,2026-02-20T23:27:24.640970,13.652148246765137
38,633259162,svd,0.777,0.242,d38_seed633259162_svd,2026-02-20T23:27:24.640970,13.652148246765137
38,633259162,svd td,0.685,0.255,d38_seed633259162_svd,2026-02-20T23:27:24.640970,13.652148246765137
38,633259162,svd mmr,0.578,0.222,d38_seed633259162_svd,2026-02-20T23:27:24.640970,13.652148246765137
38,2047321531,knnu,0.822,0.234,d38_seed2047321531_svd,2026-02-20T23:27:37.755639,13.107837438583374
38,2047321531,knnu td,0.601,0.236,d38_seed2047321531_svd,2026-02-20T23:27:37.755639,13.107837438583374
38,2047321531,knnu mmr,0.665,0.157,d38_seed2047321531_svd,2026-02-20T23:27:37.755639,13.107837438583374
38,2047321531,knni,0.767,0.241,d38_seed2047321531_svd,2026-02-20T23:27:37.755639,13.107837438583374
38,2047321531,knni td,0.729,0.239,d38_seed2047321531_svd,2026-02-20T23:27:37.755639,13.107837438583374
38,2047321531,knni mmr,0.704,0.157,d38_seed2047321531_svd,2026-02-20T23:27:37.755639,13.107837438583374
38,2047321531,svd,0.777,0.242,d38_seed2047321531_svd,2026-02-20T23:27:37.755639,13.107837438583374
38,2047321531,svd td,0.685,0.255,d38_seed2047321531_svd,2026-02-20T23:27:37.755639,13.107837438583374
38,2047321531,svd mmr,0.577,0.221,d38_seed2047321531_svd,2026-02-20T23:27:37.755639,13.107837438583374
38,527024918,knnu,0.822,0.234,d38_seed527024918_svd,2026-02-20T23:27:50.985759,13.219225406646729
38,527024918,knnu td,0.601,0.236,d38_seed527024918_svd,2026-02-20T23:27:50.985759,13.219225406646729
38,527024918,knnu mmr,0.642,0.156,d38_seed527024918_svd,2026-02-20T23:27:50.985759,13.219225406646729
38,527024918,knni,0.767,0.241,d38_seed527024918_svd,2026-02-20T23:27:50.985759,13.219225406646729
38,527024918,knni td,0.729,0.239,d38_seed527024918_svd,2026-02-20T23:27:50.985759,13.219225406646729
38,527024918,knni mmr,0.697,0.157,d38_seed527024918_svd,2026-02-20T23:27:50.985759,13.219225406646729
38,527024918,svd,0.777,0.242,d38_seed527024918_svd,2026-02-20T23:27:50.985759,13.219225406646729
38,527024918,svd td,0.685,0.255,d38_seed527024918_svd,2026-02-20T23:27:50.985759,13.219225406646729
38,527024918,svd mmr,0.577,0.223,d38_seed527024918_svd,2026-02-20T23:27:50.985759,13.219225406646729
38,1317587706,knnu,0.822,0.234,d38_seed1317587706_svd,2026-02-20T23:28:04.410194,13.407649755477905
38,1317587706,knnu td,0.601,0.236,d38_seed1317587706_svd,2026-02-20T23:28:04.410194,13.407649755477905
38,1317587706,knnu mmr,0.659,0.157,d38_seed1317587706_svd,2026-02-20T23:28:04.410194,13.407649755477905
38,1317587706,knni,0.767,0.241,d38_seed1317587706_svd,2026-02-20T23:28:04.410194,13.407649755477905
38,1317587706,knni td,0.729,0.239,d38_seed1317587706_svd,2026-02-20T23:28:04.410194,13.407649755477905
38,1317587706,knni mmr,0.707,0.158,d38_seed1317587706_svd,2026-02-20T23:28:04.410194,13.407649755477905
38,1317587706,svd,0.777,0.242,d38_seed1317587706_svd,2026-02-20T23:28:04.410194,13.407649755477905
38,1317587706,svd td,0.685,0.255,d38_seed1317587706_svd,2026-02-20T23:28:04.410194,13.407649755477905
38,1317587706,svd mmr,0.579,0.222,d38_seed1317587706_svd,2026-02-20T23:28:04.410194,13.407649755477905
38,1036723065,knnu,0.822,0.234,d38_seed1036723065_svd,2026-02-20T23:28:17.854332,13.384135484695435
38,1036723065,knnu td,0.601,0.236,d38_seed1036723065_svd,2026-02-20T23:28:17.854332,13.384135484695435
38,1036723065,knnu mmr,0.659,0.156,d38_seed1036723065_svd,2026-02-20T23:28:17.854332,13.384135484695435
38,1036723065,knni,0.767,0.241,d38_seed1036723065_svd,2026-02-20T23:28:17.854332,13.384135484695435
38,1036723065,knni td,0.729,0.239,d38_seed1036723065_svd,2026-02-20T23:28:17.854332,13.384135484695435
38,1036723065,knni mmr,0.707,0.157,d38_seed1036723065_svd,2026-02-20T23:28:17.854332,13.384135484695435
38,1036723065,svd,0.777,0.242,d38_seed1036723065_svd,2026-02-20T23:28:17.854332,13.384135484695435
38,1036723065,svd td,0.685,0.255,d38_seed1036723065_svd,2026-02-20T23:28:17.854332,13.384135484695435
38,1036723065,svd mmr,0.577,0.223,d38_seed1036723065_svd,2026-02-20T23:28:17.854332,13.384135484695435
38,423235947,knnu,0.822,0.234,d38_seed423235947_svd,2026-02-20T23:28:32.284006,14.415306329727173
38,423235947,knnu td,0.601,0.236,d38_seed423235947_svd,2026-02-20T23:28:32.284006,14.415306329727173
38,423235947,knnu mmr,0.658,0.156,d38_seed423235947_svd,2026-02-20T23:28:32.284006,14.415306329727173
38,423235947,knni,0.767,0.241,d38_seed423235947_svd,2026-02-20T23:28:32.284006,14.415306329727173
38,423235947,knni td,0.729,0.239,d38_seed423235947_svd,2026-02-20T23:28:32.284006,14.415306329727173
38,423235947,knni mmr,0.707,0.157,d38_seed423235947_svd,2026-02-20T23:28:32.284006,14.415306329727173
38,423235947,svd,0.777,0.242,d38_seed423235947_svd,2026-02-20T23:28:32.284006,14.415306329727173
38,423235947,svd td,0.685,0.255,d38_seed423235947_svd,2026-02-20T23:28:32.284006,14.415306329727173
38,423235947,svd mmr,0.579,0.223,d38_seed423235947_svd,2026-02-20T23:28:32.284006,14.415306329727173
38,677482947,knnu,0.822,0.234,d38_seed677482947_svd,2026-02-20T23:28:45.988186,13.698030233383179
38,677482947,knnu td,0.601,0.236,d38_seed677482947_svd,2026-02-20T23:28:45.988186,13.698030233383179
38,677482947,knnu mmr,0.654,0.158,d38_seed677482947_svd,2026-02-20T23:28:45.988186,13.698030233383179
38,677482947,knni,0.767,0.241,d38_seed677482947_svd,2026-02-20T23:28:45.988186,13.698030233383179
38,677482947,knni td,0.729,0.239,d38_seed677482947_svd,2026-02-20T23:28:45.988186,13.698030233383179
38,677482947,knni mmr,0.701,0.157,d38_seed677482947_svd,2026-02-20T23:28:45.988186,13.698030233383179
38,677482947,svd,0.777,0.242,d38_seed677482947_svd,2026-02-20T23:28:45.988186,13.698030233383179
38,677482947,svd td,0.685,0.255,d38_seed677482947_svd,2026-02-20T23:28:45.988186,13.698030233383179
38,677482947,svd mmr,0.578,0.222,d38_seed677482947_svd,2026-02-20T23:28:45.988186,13.698030233383179
38,1492746576,knnu,0.822,0.234,d38_seed1492746576_svd,2026-02-20T23:29:00.216957,14.22447919845581
38,1492746576,knnu td,0.601,0.236,d38_seed1492746576_svd,2026-02-20T23:29:00.216957,14.22447919845581
38,1492746576,knnu mmr,0.663,0.156,d38_seed1492746576_svd,2026-02-20T23:29:00.216957,14.22447919845581
38,1492746576,knni,0.767,0.241,d38_seed1492746576_svd,2026-02-20T23:29:00.216957,14.22447919845581
38,1492746576,knni td,0.729,0.239,d38_seed1492746576_svd,2026-02-20T23:29:00.216957,14.22447919845581
38,1492746576,knni mmr,0.695,0.158,d38_seed1492746576_svd,2026-02-20T23:29:00.216957,14.22447919845581
38,1492746576,svd,0.777,0.242,d38_seed1492746576_svd,2026-02-20T23:29:00.216957,14.22447919845581
38,1492746576,svd td,0.685,0.255,d38_seed1492746576_svd,2026-02-20T23:29:00.216957,14.22447919845581
38,1492746576,svd mmr,0.578,0.222,d38_seed1492746576_svd,2026-02-20T23:29:00.216957,14.22447919845581
38,239209755,knnu,0.822,0.234,d38_seed239209755_svd,2026-02-20T23:29:13.441011,13.218940496444702
38,239209755,knnu td,0.601,0.236,d38_seed239209755_svd,2026-02-20T23:29:13.441011,13.218940496444702
38,239209755,knnu mmr,0.656,0.156,d38_seed239209755_svd,2026-02-20T23:29:13.441011,13.218940496444702
38,239209755,knni,0.767,0.241,d38_seed239209755_svd,2026-02-20T23:29:13.441011,13.218940496444702
38,239209755,knni td,0.729,0.239,d38_seed239209755_svd,2026-02-20T23:29:13.441011,13.218940496444702
38,239209755,knni mmr,0.708,0.158,d38_seed239209755_svd,2026-02-20T23:29:13.441011,13.218940496444702
38,239209755,svd,0.777,0.242,d38_seed239209755_svd,2026-02-20T23:29:13.441011,13.218940496444702
38,239209755,svd td,0.685,0.255,d38_seed239209755_svd,2026-02-20T23:29:13.441011,13.218940496444702
38,239209755,svd mmr,0.578,0.224,d38_seed239209755_svd,2026-02-20T23:29:13.441011,13.218940496444702
38,637016530,knnu,0.822,0.234,d38_seed637016530_svd,2026-02-20T23:29:26.739760,13.236191749572754
38,637016530,knnu td,0.601,0.236,d38_seed637016530_svd,2026-02-20T23:29:26.739760,13.236191749572754
38,637016530,knnu mmr,0.658,0.156,d38_seed637016530_svd,2026-02-20T23:29:26.739760,13.236191749572754
38,637016530,knni,0.767,0.241,d38_seed637016530_svd,2026-02-20T23:29:26.739760,13.236191749572754
38,637016530,knni td,0.729,0.239,d38_seed637016530_svd,2026-02-20T23:29:26.739760,13.236191749572754
38,637016530,knni mmr,0.697,0.158,d38_seed637016530_svd,2026-02-20T23:29:26.739760,13.236191749572754
38,637016530,svd,0.777,0.242,d38_seed637016530_svd,2026-02-20T23:29:26.739760,13.236191749572754
38,637016530,svd td,0.685,0.255,d38_seed637016530_svd,2026-02-20T23:29:26.739760,13.236191749572754
38,637016530,svd mmr,0.577,0.223,d38_seed637016530_svd,2026-02-20T23:29:26.739760,13.236191749572754
38,835817041,knnu,0.822,0.234,d38_seed835817041_svd,2026-02-20T23:29:39.817881,13.065214395523071
38,835817041,knnu td,0.601,0.236,d38_seed835817041_svd,2026-02-20T23:29:39.817881,13.065214395523071
38,835817041,knnu mmr,0.652,0.157,d38_seed835817041_svd,2026-02-20T23:29:39.817881,13.065214395523071
38,835817041,knni,0.767,0.241,d38_seed835817041_svd,2026-02-20T23:29:39.817881,13.065214395523071
38,835817041,knni td,0.729,0.239,d38_seed835817041_svd,2026-02-20T23:29:39.817881,13.065214395523071
38,835817041,knni mmr,0.693,0.159,d38_seed835817041_svd,2026-02-20T23:29:39.817881,13.065214395523071
38,835817041,svd,0.777,0.242,d38_seed835817041_svd,2026-02-20T23:29:39.817881,13.065214395523071
38,835817041,svd td,0.685,0.255,d38_seed835817041_svd,2026-02-20T23:29:39.817881,13.065214395523071
38,835817041,svd mmr,0.578,0.223,d38_seed835817041_svd,2026-02-20T23:29:39.817881,13.065214395523071
38,719958201,knnu,0.822,0.234,d38_seed719958201_svd,2026-02-20T23:29:52.295930,12.459900379180908
38,719958201,knnu td,0.601,0.236,d38_seed719958201_svd,2026-02-20T23:29:52.295930,12.459900379180908
38,719958201,knnu mmr,0.651,0.154,d38_seed719958201_svd,2026-02-20T23:29:52.295930,12.459900379180908
38,719958201,knni,0.767,0.241,d38_seed719958201_svd,2026-02-20T23:29:52.295930,12.459900379180908
38,719958201,knni td,0.729,0.239,d38_seed719958201_svd,2026-02-20T23:29:52.295930,12.459900379180908
38,719958201,knni mmr,0.692,0.156,d38_seed719958201_svd,2026-02-20T23:29:52.295930,12.459900379180908
38,719958201,svd,0.777,0.242,d38_seed719958201_svd,2026-02-20T23:29:52.295930,12.459900379180908
38,719958201,svd td,0.685,0.255,d38_seed719958201_svd,2026-02-20T23:29:52.295930,12.459900379180908
38,719958201,svd mmr,0.579,0.223,d38_seed719958201_svd,2026-02-20T23:29:52.295930,12.459900379180908
38,2004394224,knnu,0.822,0.234,d38_seed2004394224_svd,2026-02-20T23:30:05.687094,13.375281810760498
38,2004394224,knnu td,0.601,0.236,d38_seed2004394224_svd,2026-02-20T23:30:05.687094,13.375281810760498
38,2004394224,knnu mmr,0.653,0.157,d38_seed2004394224_svd,2026-02-20T23:30:05.687094,13.375281810760498
38,2004394224,knni,0.767,0.241,d38_seed2004394224_svd,2026-02-20T23:30:05.687094,13.375281810760498
38,2004394224,knni td,0.729,0.239,d38_seed2004394224_svd,2026-02-20T23:30:05.687094,13.375281810760498
38,2004394224,knni mmr,0.697,0.157,d38_seed2004394224_svd,2026-02-20T23:30:05.687094,13.375281810760498
38,2004394224,svd,0.777,0.242,d38_seed2004394224_svd,2026-02-20T23:30:05.687094,13.375281810760498
38,2004394224,svd td,0.685,0.255,d38_seed2004394224_svd,2026-02-20T23:30:05.687094,13.375281810760498
38,2004394224,svd mmr,0.576,0.222,d38_seed2004394224_svd,2026-02-20T23:30:05.687094,13.375281810760498
38,1047637579,knnu,0.822,0.234,d38_seed1047637579_svd,2026-02-20T23:30:18.652842,12.956774234771729
38,1047637579,knnu td,0.601,0.236,d38_seed1047637579_svd,2026-02-20T23:30:18.652842,12.956774234771729
38,1047637579,knnu mmr,0.647,0.156,d38_seed1047637579_svd,2026-02-20T23:30:18.652842,12.956774234771729
38,1047637579,knni,0.767,0.241,d38_seed1047637579_svd,2026-02-20T23:30:18.652842,12.956774234771729
38,1047637579,knni td,0.729,0.239,d38_seed1047637579_svd,2026-02-20T23:30:18.652842,12.956774234771729
38,1047637579,knni mmr,0.693,0.157,d38_seed1047637579_svd,2026-02-20T23:30:18.652842,12.956774234771729
38,1047637579,svd,0.777,0.242,d38_seed1047637579_svd,2026-02-20T23:30:18.652842,12.956774234771729
38,1047637579,svd td,0.685,0.255,d38_seed1047637579_svd,2026-02-20T23:30:18.652842,12.956774234771729
38,1047637579,svd mmr,0.578,0.223,d38_seed1047637579_svd,2026-02-20T23:30:18.652842,12.956774234771729
43,358056291,knnu,0.822,0.234,d43_seed358056291_svd,2026-02-20T23:30:31.081204,12.374686241149902
43,358056291,knnu td,0.601,0.236,d43_seed358056291_svd,2026-02-20T23:30:31.081204,12.374686241149902
43,358056291,knnu mmr,0.665,0.155,d43_seed358056291_svd,2026-02-20T23:30:31.081204,12.374686241149902
43,358056291,knni,0.767,0.241,d43_seed358056291_svd,2026-02-20T23:30:31.081204,12.374686241149902
43,358056291,knni td,0.729,0.239,d43_seed358056291_svd,2026-02-20T23:30:31.081204,12.374686241149902
43,358056291,knni mmr,0.694,0.157,d43_seed358056291_svd,2026-02-20T23:30:31.081204,12.374686241149902
43,358056291,svd,0.777,0.242,d43_seed358056291_svd,2026-02-20T23:30:31.081204,12.374686241149902
43,358056291,svd td,0.685,0.255,d43_seed358056291_svd,2026-02-20T23:30:31.081204,12.374686241149902
43,358056291,svd mmr,0.58,0.224,d43_seed358056291_svd,2026-02-20T23:30:31.081204,12.374686241149902
43,1576296115,knnu,0.822,0.234,d43_seed1576296115_svd,2026-02-20T23:30:44.147102,13.051774501800537
43,1576296115,knnu td,0.601,0.236,d43_seed1576296115_svd,2026-02-20T23:30:44.147102,13.051774501800537
43,1576296115,knnu mmr,0.666,0.155,d43_seed1576296115_svd,2026-02-20T23:30:44.147102,13.051774501800537
43,1576296115,knni,0.767,0.241,d43_seed1576296115_svd,2026-02-20T23:30:44.147102,13.051774501800537
43,1576296115,knni td,0.729,0.239,d43_seed1576296115_svd,2026-02-20T23:30:44.147102,13.051774501800537
43,1576296115,knni mmr,0.693,0.157,d43_seed1576296115_svd,2026-02-20T23:30:44.147102,13.051774501800537
43,1576296115,svd,0.777,0.242,d43_seed1576296115_svd,2026-02-20T23:30:44.147102,13.051774501800537
43,1576296115,svd td,0.685,0.255,d43_seed1576296115_svd,2026-02-20T23:30:44.147102,13.051774501800537
43,1576296115,svd mmr,0.578,0.224,d43_seed1576296115_svd,2026-02-20T23:30:44.147102,13.051774501800537
43,1631363395,knnu,0.822,0.234,d43_seed1631363395_svd,2026-02-20T23:30:56.592523,12.43857216835022
43,1631363395,knnu td,0.601,0.236,d43_seed1631363395_svd,2026-02-20T23:30:56.592523,12.43857216835022
43,1631363395,knnu mmr,0.662,0.155,d43_seed1631363395_svd,2026-02-20T23:30:56.592523,12.43857216835022
43,1631363395,knni,0.767,0.241,d43_seed1631363395_svd,2026-02-20T23:30:56.592523,12.43857216835022
43,1631363395,knni td,0.729,0.239,d43_seed1631363395_svd,2026-02-20T23:30:56.592523,12.43857216835022
43,1631363395,knni mmr,0.689,0.157,d43_seed1631363395_svd,2026-02-20T23:30:56.592523,12.43857216835022
43,1631363395,svd,0.777,0.242,d43_seed1631363395_svd,2026-02-20T23:30:56.592523,12.43857216835022
43,1631363395,svd td,0.685,0.255,d43_seed1631363395_svd,2026-02-20T23:30:56.592523,12.43857216835022
43,1631363395,svd mmr,0.579,0.224,d43_seed1631363395_svd,2026-02-20T23:30:56.592523,12.43857216835022
43,169153558,knnu,0.822,0.234,d43_seed169153558_svd,2026-02-20T23:31:09.512223,12.910323143005371
43,169153558,knnu td,0.601,0.236,d43_seed169153558_svd,2026-02-20T23:31:09.512223,12.910323143005371
43,169153558,knnu mmr,0.654,0.154,d43_seed169153558_svd,2026-02-20T23:31:09.512223,12.910323143005371
43,169153558,knni,0.767,0.241,d43_seed169153558_svd,2026-02-20T23:31:09.512223,12.910323143005371
43,169153558,knni td,0.729,0.239,d43_seed169153558_svd,2026-02-20T23:31:09.512223,12.910323143005371
43,169153558,knni mmr,0.694,0.157,d43_seed169153558_svd,2026-02-20T23:31:09.512223,12.910323143005371
43,169153558,svd,0.777,0.242,d43_seed169153558_svd,2026-02-20T23:31:09.512223,12.910323143005371
43,169153558,svd td,0.685,0.255,d43_seed169153558_svd,2026-02-20T23:31:09.512223,12.910323143005371
43,169153558,svd mmr,0.574,0.224,d43_seed169153558_svd,2026-02-20T23:31:09.512223,12.910323143005371
43,690066093,knnu,0.822,0.234,d43_seed690066093_svd,2026-02-20T23:31:22.310116,12.787367582321167
43,690066093,knnu td,0.601,0.236,d43_seed690066093_svd,2026-02-20T23:31:22.310116,12.787367582321167
43,690066093,knnu mmr,0.667,0.155,d43_seed690066093_svd,2026-02-20T23:31:22.310116,12.787367582321167
43,690066093,knni,0.767,0.241,d43_seed690066093_svd,2026-02-20T23:31:22.310116,12.787367582321167
43,690066093,knni td,0.729,0.239,d43_seed690066093_svd,2026-02-20T23:31:22.310116,12.787367582321167
43,690066093,knni mmr,0.681,0.157,d43_seed690066093_svd,2026-02-20T23:31:22.310116,12.787367582321167
43,690066093,svd,0.777,0.242,d43_seed690066093_svd,2026-02-20T23:31:22.310116,12.787367582321167
43,690066093,svd td,0.685,0.255,d43_seed690066093_svd,2026-02-20T23:31:22.310116,12.787367582321167
43,690066093,svd mmr,0.58,0.225,d43_seed690066093_svd,2026-02-20T23:31:22.310116,12.787367582321167
43,1098655442,knnu,0.822,0.234,d43_seed1098655442_svd,2026-02-20T23:31:34.977691,12.594470977783203
43,1098655442,knnu td,0.601,0.236,d43_seed1098655442_svd,2026-02-20T23:31:34.977691,12.594470977783203
43,1098655442,knnu mmr,0.664,0.156,d43_seed1098655442_svd,2026-02-20T23:31:34.977691,12.594470977783203
43,1098655442,knni,0.767,0.241,d43_seed1098655442_svd,2026-02-20T23:31:34.977691,12.594470977783203
43,1098655442,knni td,0.729,0.239,d43_seed1098655442_svd,2026-02-20T23:31:34.977691,12.594470977783203
43,1098655442,knni mmr,0.695,0.157,d43_seed1098655442_svd,2026-02-20T23:31:34.977691,12.594470977783203
43,1098655442,svd,0.777,0.242,d43_seed1098655442_svd,2026-02-20T23:31:34.977691,12.594470977783203
43,1098655442,svd td,0.685,0.255,d43_seed1098655442_svd,2026-02-20T23:31:34.977691,12.594470977783203
43,1098655442,svd mmr,0.579,0.225,d43_seed1098655442_svd,2026-02-20T23:31:34.977691,12.594470977783203
43,633259162,knnu,0.822,0.234,d43_seed633259162_svd,2026-02-20T23:31:47.907122,12.928316116333008
43,633259162,knnu td,0.601,0.236,d43_seed633259162_svd,2026-02-20T23:31:47.907122,12.928316116333008
43,633259162,knnu mmr,0.664,0.155,d43_seed633259162_svd,2026-02-20T23:31:47.907122,12.928316116333008
43,633259162,knni,0.767,0.241,d43_seed633259162_svd,2026-02-20T23:31:47.907122,12.928316116333008
43,633259162,knni td,0.729,0.239,d43_seed633259162_svd,2026-02-20T23:31:47.907122,12.928316116333008
43,633259162,knni mmr,0.695,0.158,d43_seed633259162_svd,2026-02-20T23:31:47.907122,12.928316116333008
43,633259162,svd,0.777,0.242,d43_seed633259162_svd,2026-02-20T23:31:47.907122,12.928316116333008
43,633259162,svd td,0.685,0.255,d43_seed633259162_svd,2026-02-20T23:31:47.907122,12.928316116333008
43,633259162,svd mmr,0.579,0.225,d43_seed633259162_svd,2026-02-20T23:31:47.907122,12.928316116333008
43,2047321531,knnu,0.822,0.234,d43_seed2047321531_svd,2026-02-20T23:32:00.900344,12.970568895339966
43,2047321531,knnu td,0.601,0.236,d43_seed2047321531_svd,2026-02-20T23:32:00.900344,12.970568895339966
43,2047321531,knnu mmr,0.665,0.154,d43_seed2047321531_svd,2026-02-20T23:32:00.900344,12.970568895339966
43,2047321531,knni,0.767,0.241,d43_seed2047321531_svd,2026-02-20T23:32:00.900344,12.970568895339966
43,2047321531,knni td,0.729,0.239,d43_seed2047321531_svd,2026-02-20T23:32:00.900344,12.970568895339966
43,2047321531,knni mmr,0.699,0.157,d43_seed2047321531_svd,2026-02-20T23:32:00.900344,12.970568895339966
43,2047321531,svd,0.777,0.242,d43_seed2047321531_svd,2026-02-20T23:32:00.900344,12.970568895339966
43,2047321531,svd td,0.685,0.255,d43_seed2047321531_svd,2026-02-20T23:32:00.900344,12.970568895339966
43,2047321531,svd mmr,0.575,0.224,d43_seed2047321531_svd,2026-02-20T23:32:00.900344,12.970568895339966
43,527024918,knnu,0.822,0.234,d43_seed527024918_svd,2026-02-20T23:32:13.835157,12.923555135726929
43,527024918,knnu td,0.601,0.236,d43_seed527024918_svd,2026-02-20T23:32:13.835157,12.923555135726929
43,527024918,knnu mmr,0.673,0.154,d43_seed527024918_svd,2026-02-20T23:32:13.835157,12.923555135726929
43,527024918,knni,0.767,0.241,d43_seed527024918_svd,2026-02-20T23:32:13.835157,12.923555135726929
43,527024918,knni td,0.729,0.239,d43_seed527024918_svd,2026-02-20T23:32:13.835157,12.923555135726929
43,527024918,knni mmr,0.688,0.158,d43_seed527024918_svd,2026-02-20T23:32:13.835157,12.923555135726929
43,527024918,svd,0.777,0.242,d43_seed527024918_svd,2026-02-20T23:32:13.835157,12.923555135726929
43,527024918,svd td,0.685,0.255,d43_seed527024918_svd,2026-02-20T23:32:13.835157,12.923555135726929
43,527024918,svd mmr,0.58,0.224,d43_seed527024918_svd,2026-02-20T23:32:13.835157,12.923555135726929
43,1317587706,knnu,0.822,0.234,d43_seed1317587706_svd,2026-02-20T23:32:26.980228,13.128948211669922
43,1317587706,knnu td,0.601,0.236,d43_seed1317587706_svd,2026-02-20T23:32:26.980228,13.128948211669922
43,1317587706,knnu mmr,0.661,0.155,d43_seed1317587706_svd,2026-02-20T23:32:26.980228,13.128948211669922
43,1317587706,knni,0.767,0.241,d43_seed1317587706_svd,2026-02-20T23:32:26.980228,13.128948211669922
43,1317587706,knni td,0.729,0.239,d43_seed1317587706_svd,2026-02-20T23:32:26.980228,13.128948211669922
43,1317587706,knni mmr,0.697,0.157,d43_seed1317587706_svd,2026-02-20T23:32:26.980228,13.128948211669922
43,1317587706,svd,0.777,0.242,d43_seed1317587706_svd,2026-02-20T23:32:26.980228,13.128948211669922
43,1317587706,svd td,0.685,0.255,d43_seed1317587706_svd,2026-02-20T23:32:26.980228,13.128948211669922
43,1317587706,svd mmr,0.579,0.224,d43_seed1317587706_svd,2026-02-20T23:32:26.980228,13.128948211669922
43,1036723065,knnu,0.822,0.234,d43_seed1036723065_svd,2026-02-20T23:32:39.972871,12.930822610855103
43,1036723065,knnu td,0.601,0.236,d43_seed1036723065_svd,2026-02-20T23:32:39.972871,12.930822610855103
43,1036723065,knnu mmr,0.66,0.153,d43_seed1036723065_svd,2026-02-20T23:32:39.972871,12.930822610855103
43,1036723065,knni,0.767,0.241,d43_seed1036723065_svd,2026-02-20T23:32:39.972871,12.930822610855103
43,1036723065,knni td,0.729,0.239,d43_seed1036723065_svd,2026-02-20T23:32:39.972871,12.930822610855103
43,1036723065,knni mmr,0.692,0.156,d43_seed1036723065_svd,2026-02-20T23:32:39.972871,12.930822610855103
43,1036723065,svd,0.777,0.242,d43_seed1036723065_svd,2026-02-20T23:32:39.972871,12.930822610855103
43,1036723065,svd td,0.685,0.255,d43_seed1036723065_svd,2026-02-20T23:32:39.972871,12.930822610855103
43,1036723065,svd mmr,0.577,0.224,d43_seed1036723065_svd,2026-02-20T23:32:39.972871,12.930822610855103
43,423235947,knnu,0.822,0.234,d43_seed423235947_svd,2026-02-20T23:32:53.283312,13.30345869064331
43,423235947,knnu td,0.601,0.236,d43_seed423235947_svd,2026-02-20T23:32:53.283312,13.30345869064331
43,423235947,knnu mmr,0.647,0.155,d43_seed423235947_svd,2026-02-20T23:32:53.283312,13.30345869064331
43,423235947,knni,0.767,0.241,d43_seed423235947_svd,2026-02-20T23:32:53.283312,13.30345869064331
43,423235947,knni td,0.729,0.239,d43_seed423235947_svd,2026-02-20T23:32:53.283312,13.30345869064331
43,423235947,knni mmr,0.694,0.157,d43_seed423235947_svd,2026-02-20T23:32:53.283312,13.30345869064331
43,423235947,svd,0.777,0.242,d43_seed423235947_svd,2026-02-20T23:32:53.283312,13.30345869064331
43,423235947,svd td,0.685,0.255,d43_seed423235947_svd,2026-02-20T23:32:53.283312,13.30345869064331
43,423235947,svd mmr,0.579,0.225,d43_seed423235947_svd,2026-02-20T23:32:53.283312,13.30345869064331
43,677482947,knnu,0.822,0.234,d43_seed677482947_svd,2026-02-20T23:33:06.420525,13.119543552398682
43,677482947,knnu td,0.601,0.236,d43_seed677482947_svd,2026-02-20T23:33:06.420525,13.119543552398682
43,677482947,knnu mmr,0.667,0.155,d43_seed677482947_svd,2026-02-20T23:33:06.420525,13.119543552398682
43,677482947,knni,0.767,0.241,d43_seed677482947_svd,2026-02-20T23:33:06.420525,13.119543552398682
43,677482947,knni td,0.729,0.239,d43_seed677482947_svd,2026-02-20T23:33:06.420525,13.119543552398682
43,677482947,knni mmr,0.694,0.157,d43_seed677482947_svd,2026-02-20T23:33:06.420525,13.119543552398682
43,677482947,svd,0.777,0.242,d43_seed677482947_svd,2026-02-20T23:33:06.420525,13.119543552398682
43,677482947,svd td,0.685,0.255,d43_seed677482947_svd,2026-02-20T23:33:06.420525,13.119543552398682
43,677482947,svd mmr,0.578,0.224,d43_seed677482947_svd,2026-02-20T23:33:06.420525,13.119543552398682
43,1492746576,knnu,0.822,0.234,d43_seed1492746576_svd,2026-02-20T23:33:19.462205,13.031895160675049
43,1492746576,knnu td,0.601,0.236,d43_seed1492746576_svd,2026-02-20T23:33:19.462205,13.031895160675049
43,1492746576,knnu mmr,0.667,0.156,d43_seed1492746576_svd,2026-02-20T23:33:19.462205,13.031895160675049
43,1492746576,knni,0.767,0.241,d43_seed1492746576_svd,2026-02-20T23:33:19.462205,13.031895160675049
43,1492746576,knni td,0.729,0.239,d43_seed1492746576_svd,2026-02-20T23:33:19.462205,13.031895160675049
43,1492746576,knni mmr,0.691,0.157,d43_seed1492746576_svd,2026-02-20T23:33:19.462205,13.031895160675049
43,1492746576,svd,0.777,0.242,d43_seed1492746576_svd,2026-02-20T23:33:19.462205,13.031895160675049
43,1492746576,svd td,0.685,0.255,d43_seed1492746576_svd,2026-02-20T23:33:19.462205,13.031895160675049
43,1492746576,svd mmr,0.579,0.224,d43_seed1492746576_svd,2026-02-20T23:33:19.462205,13.031895160675049
43,239209755,knnu,0.822,0.234,d43_seed239209755_svd,2026-02-20T23:33:32.683063,13.198532104492188
43,239209755,knnu td,0.601,0.236,d43_seed239209755_svd,2026-02-20T23:33:32.683063,13.198532104492188
43,239209755,knnu mmr,0.644,0.154,d43_seed239209755_svd,2026-02-20T23:33:32.683063,13.198532104492188
43,239209755,knni,0.767,0.241,d43_seed239209755_svd,2026-02-20T23:33:32.683063,13.198532104492188
43,239209755,knni td,0.729,0.239,d43_seed239209755_svd,2026-02-20T23:33:32.683063,13.198532104492188
43,239209755,knni mmr,0.687,0.157,d43_seed239209755_svd,2026-02-20T23:33:32.683063,13.198532104492188
43,239209755,svd,0.777,0.242,d43_seed239209755_svd,2026-02-20T23:33:32.683063,13.198532104492188
43,239209755,svd td,0.685,0.255,d43_seed239209755_svd,2026-02-20T23:33:32.683063,13.198532104492188
43,239209755,svd mmr,0.579,0.225,d43_seed239209755_svd,2026-02-20T23:33:32.683063,13.198532104492188
43,637016530,knnu,0.822,0.234,d43_seed637016530_svd,2026-02-20T23:33:46.512286,13.784254550933838
43,637016530,knnu td,0.601,0.236,d43_seed637016530_svd,2026-02-20T23:33:46.512286,13.784254550933838
43,637016530,knnu mmr,0.651,0.155,d43_seed637016530_svd,2026-02-20T23:33:46.512286,13.784254550933838
43,637016530,knni,0.767,0.241,d43_seed637016530_svd,2026-02-20T23:33:46.512286,13.784254550933838
43,637016530,knni td,0.729,0.239,d43_seed637016530_svd,2026-02-20T23:33:46.512286,13.784254550933838
43,637016530,knni mmr,0.688,0.157,d43_seed637016530_svd,2026-02-20T23:33:46.512286,13.784254550933838
43,637016530,svd,0.777,0.242,d43_seed637016530_svd,2026-02-20T23:33:46.512286,13.784254550933838
43,637016530,svd td,0.685,0.255,d43_seed637016530_svd,2026-02-20T23:33:46.512286,13.784254550933838
43,637016530,svd mmr,0.576,0.224,d43_seed637016530_svd,2026-02-20T23:33:46.512286,13.784254550933838
43,835817041,knnu,0.822,0.234,d43_seed835817041_svd,2026-02-20T23:33:58.973316,12.431415319442749
43,835817041,knnu td,0.601,0.236,d43_seed835817041_svd,2026-02-20T23:33:58.973316,12.431415319442749
43,835817041,knnu mmr,0.67,0.155,d43_seed835817041_svd,2026-02-20T23:33:58.973316,12.431415319442749
43,835817041,knni,0.767,0.241,d43_seed835817041_svd,2026-02-20T23:33:58.973316,12.431415319442749
43,835817041,knni td,0.729,0.239,d43_seed835817041_svd,2026-02-20T23:33:58.973316,12.431415319442749
43,835817041,knni mmr,0.689,0.156,d43_seed835817041_svd,2026-02-20T23:33:58.973316,12.431415319442749
43,835817041,svd,0.777,0.242,d43_seed835817041_svd,2026-02-20T23:33:58.973316,12.431415319442749
43,835817041,svd td,0.685,0.255,d43_seed835817041_svd,2026-02-20T23:33:58.973316,12.431415319442749
43,835817041,svd mmr,0.575,0.224,d43_seed835817041_svd,2026-02-20T23:33:58.973316,12.431415319442749
43,719958201,knnu,0.822,0.234,d43_seed719958201_svd,2026-02-20T23:34:13.164400,14.175453901290894
43,719958201,knnu td,0.601,0.236,d43_seed719958201_svd,2026-02-20T23:34:13.164400,14.175453901290894
43,719958201,knnu mmr,0.677,0.155,d43_seed719958201_svd,2026-02-20T23:34:13.164400,14.175453901290894
43,719958201,knni,0.767,0.241,d43_seed719958201_svd,2026-02-20T23:34:13.164400,14.175453901290894
43,719958201,knni td,0.729,0.239,d43_seed719958201_svd,2026-02-20T23:34:13.164400,14.175453901290894
43,719958201,knni mmr,0.691,0.157,d43_seed719958201_svd,2026-02-20T23:34:13.164400,14.175453901290894
43,719958201,svd,0.777,0.242,d43_seed719958201_svd,2026-02-20T23:34:13.164400,14.175453901290894
43,719958201,svd td,0.685,0.255,d43_seed719958201_svd,2026-02-20T23:34:13.164400,14.175453901290894
43,719958201,svd mmr,0.58,0.224,d43_seed719958201_svd,2026-02-20T23:34:13.164400,14.175453901290894
43,2004394224,knnu,0.822,0.234,d43_seed2004394224_svd,2026-02-20T23:34:26.693830,13.531444549560547
43,2004394224,knnu td,0.601,0.236,d43_seed2004394224_svd,2026-02-20T23:34:26.693830,13.531444549560547
43,2004394224,knnu mmr,0.673,0.154,d43_seed2004394224_svd,2026-02-20T23:34:26.693830,13.531444549560547
43,2004394224,knni,0.767,0.241,d43_seed2004394224_svd,2026-02-20T23:34:26.693830,13.531444549560547
43,2004394224,knni td,0.729,0.239,d43_seed2004394224_svd,2026-02-20T23:34:26.693830,13.531444549560547
43,2004394224,knni mmr,0.688,0.157,d43_seed2004394224_svd,2026-02-20T23:34:26.693830,13.531444549560547
43,2004394224,svd,0.777,0.242,d43_seed2004394224_svd,2026-02-20T23:34:26.693830,13.531444549560547
43,2004394224,svd td,0.685,0.255,d43_seed2004394224_svd,2026-02-20T23:34:26.693830,13.531444549560547
43,2004394224,svd mmr,0.576,0.223,d43_seed2004394224_svd,2026-02-20T23:34:26.693830,13.531444549560547
43,1047637579,knnu,0.822,0.234,d43_seed1047637579_svd,2026-02-20T23:34:39.485139,12.777803182601929
43,1047637579,knnu td,0.601,0.236,d43_seed1047637579_svd,2026-02-20T23:34:39.485139,12.777803182601929
43,1047637579,knnu mmr,0.665,0.155,d43_seed1047637579_svd,2026-02-20T23:34:39.485139,12.777803182601929
43,1047637579,knni,0.767,0.241,d43_seed1047637579_svd,2026-02-20T23:34:39.485139,12.777803182601929
43,1047637579,knni td,0.729,0.239,d43_seed1047637579_svd,2026-02-20T23:34:39.485139,12.777803182601929
43,1047637579,knni mmr,0.692,0.157,d43_seed1047637579_svd,2026-02-20T23:34:39.485139,12.777803182601929
43,1047637579,svd,0.777,0.242,d43_seed1047637579_svd,2026-02-20T23:34:39.485139,12.777803182601929
43,1047637579,svd td,0.685,0.255,d43_seed1047637579_svd,2026-02-20T23:34:39.485139,12.777803182601929
43,1047637579,svd mmr,0.577,0.225,d43_seed1047637579_svd,2026-02-20T23:34:39.485139,12.777803182601929
48,358056291,knnu,0.822,0.234,d48_seed358056291_svd,2026-02-20T23:34:52.605280,13.040657997131348
48,358056291,knnu td,0.601,0.236,d48_seed358056291_svd,2026-02-20T23:34:52.605280,13.040657997131348
48,358056291,knnu mmr,0.623,0.153,d48_seed358056291_svd,2026-02-20T23:34:52.605280,13.040657997131348
48,358056291,knni,0.767,0.241,d48_seed358056291_svd,2026-02-20T23:34:52.605280,13.040657997131348
48,358056291,knni td,0.729,0.239,d48_seed358056291_svd,2026-02-20T23:34:52.605280,13.040657997131348
48,358056291,knni mmr,0.705,0.156,d48_seed358056291_svd,2026-02-20T23:34:52.605280,13.040657997131348
48,358056291,svd,0.777,0.242,d48_seed358056291_svd,2026-02-20T23:34:52.605280,13.040657997131348
48,358056291,svd td,0.685,0.255,d48_seed358056291_svd,2026-02-20T23:34:52.605280,13.040657997131348
48,358056291,svd mmr,0.579,0.226,d48_seed358056291_svd,2026-02-20T23:34:52.605280,13.040657997131348
48,1576296115,knnu,0.822,0.234,d48_seed1576296115_svd,2026-02-20T23:35:05.476727,12.86769437789917
48,1576296115,knnu td,0.601,0.236,d48_seed1576296115_svd,2026-02-20T23:35:05.476727,12.86769437789917
48,1576296115,knnu mmr,0.645,0.152,d48_seed1576296115_svd,2026-02-20T23:35:05.476727,12.86769437789917
48,1576296115,knni,0.767,0.241,d48_seed1576296115_svd,2026-02-20T23:35:05.476727,12.86769437789917
48,1576296115,knni td,0.729,0.239,d48_seed1576296115_svd,2026-02-20T23:35:05.476727,12.86769437789917
48,1576296115,knni mmr,0.699,0.156,d48_seed1576296115_svd,2026-02-20T23:35:05.476727,12.86769437789917
48,1576296115,svd,0.777,0.242,d48_seed1576296115_svd,2026-02-20T23:35:05.476727,12.86769437789917
48,1576296115,svd td,0.685,0.255,d48_seed1576296115_svd,2026-02-20T23:35:05.476727,12.86769437789917
48,1576296115,svd mmr,0.578,0.224,d48_seed1576296115_svd,2026-02-20T23:35:05.476727,12.86769437789917
48,1631363395,knnu,0.822,0.234,d48_seed1631363395_svd,2026-02-20T23:35:18.290916,12.8028724193573
48,1631363395,knnu td,0.601,0.236,d48_seed1631363395_svd,2026-02-20T23:35:18.290916,12.8028724193573
48,1631363395,knnu mmr,0.643,0.155,d48_seed1631363395_svd,2026-02-20T23:35:18.290916,12.8028724193573
48,1631363395,knni,0.767,0.241,d48_seed1631363395_svd,2026-02-20T23:35:18.290916,12.8028724193573
48,1631363395,knni td,0.729,0.239,d48_seed1631363395_svd,2026-02-20T23:35:18.290916,12.8028724193573
48,1631363395,knni mmr,0.695,0.156,d48_seed1631363395_svd,2026-02-20T23:35:18.290916,12.8028724193573
48,1631363395,svd,0.777,0.242,d48_seed1631363395_svd,2026-02-20T23:35:18.290916,12.8028724193573
48,1631363395,svd td,0.685,0.255,d48_seed1631363395_svd,2026-02-20T23:35:18.290916,12.8028724193573
48,1631363395,svd mmr,0.579,0.224,d48_seed1631363395_svd,2026-02-20T23:35:18.290916,12.8028724193573
48,169153558,knnu,0.822,0.234,d48_seed169153558_svd,2026-02-20T23:35:30.973163,12.669350147247314
48,169153558,knnu td,0.601,0.236,d48_seed169153558_svd,2026-02-20T23:35:30.973163,12.669350147247314
48,169153558,knnu mmr,0.646,0.154,d48_seed169153558_svd,2026-02-20T23:35:30.973163,12.669350147247314
48,169153558,knni,0.767,0.241,d48_seed169153558_svd,2026-02-20T23:35:30.973163,12.669350147247314
48,169153558,knni td,0.729,0.239,d48_seed169153558_svd,2026-02-20T23:35:30.973163,12.669350147247314
48,169153558,knni mmr,0.699,0.156,d48_seed169153558_svd,2026-02-20T23:35:30.973163,12.669350147247314
48,169153558,svd,0.777,0.242,d48_seed169153558_svd,2026-02-20T23:35:30.973163,12.669350147247314
48,169153558,svd td,0.685,0.255,d48_seed169153558_svd,2026-02-20T23:35:30.973163,12.669350147247314
48,169153558,svd mmr,0.58,0.224,d48_seed169153558_svd,2026-02-20T23:35:30.973163,12.669350147247314
48,690066093,knnu,0.822,0.234,d48_seed690066093_svd,2026-02-20T23:35:43.770978,12.802572250366211
48,690066093,knnu td,0.601,0.236,d48_seed690066093_svd,2026-02-20T23:35:43.770978,12.802572250366211
48,690066093,knnu mmr,0.646,0.154,d48_seed690066093_svd,2026-02-20T23:35:43.770978,12.802572250366211
48,690066093,knni,0.767,0.241,d48_seed690066093_svd,2026-02-20T23:35:43.770978,12.802572250366211
48,690066093,knni td,0.729,0.239,d48_seed690066093_svd,2026-02-20T23:35:43.770978,12.802572250366211
48,690066093,knni mmr,0.691,0.156,d48_seed690066093_svd,2026-02-20T23:35:43.770978,12.802572250366211
48,690066093,svd,0.777,0.242,d48_seed690066093_svd,2026-02-20T23:35:43.770978,12.802572250366211
48,690066093,svd td,0.685,0.255,d48_seed690066093_svd,2026-02-20T23:35:43.770978,12.802572250366211
48,690066093,svd mmr,0.578,0.226,d48_seed690066093_svd,2026-02-20T23:35:43.770978,12.802572250366211
48,1098655442,knnu,0.822,0.234,d48_seed1098655442_svd,2026-02-20T23:35:57.278865,13.4291353225708
48,1098655442,knnu td,0.601,0.236,d48_seed1098655442_svd,2026-02-20T23:35:57.278865,13.4291353225708
48,1098655442,knnu mmr,0.649,0.153,d48_seed1098655442_svd,2026-02-20T23:35:57.278865,13.4291353225708
48,1098655442,knni,0.767,0.241,d48_seed1098655442_svd,2026-02-20T23:35:57.278865,13.4291353225708
48,1098655442,knni td,0.729,0.239,d48_seed1098655442_svd,2026-02-20T23:35:57.278865,13.4291353225708
48,1098655442,knni mmr,0.698,0.156,d48_seed1098655442_svd,2026-02-20T23:35:57.278865,13.4291353225708
48,1098655442,svd,0.777,0.242,d48_seed1098655442_svd,2026-02-20T23:35:57.278865,13.4291353225708
48,1098655442,svd td,0.685,0.255,d48_seed1098655442_svd,2026-02-20T23:35:57.278865,13.4291353225708
48,1098655442,svd mmr,0.578,0.224,d48_seed1098655442_svd,2026-02-20T23:35:57.278865,13.4291353225708
48,633259162,knnu,0.822,0.234,d48_seed633259162_svd,2026-02-20T23:36:10.391058,13.084142684936523
48,633259162,knnu td,0.601,0.236,d48_seed633259162_svd,2026-02-20T23:36:10.391058,13.084142684936523
48,633259162,knnu mmr,0.637,0.153,d48_seed633259162_svd,2026-02-20T23:36:10.391058,13.084142684936523
48,633259162,knni,0.767,0.241,d48_seed633259162_svd,2026-02-20T23:36:10.391058,13.084142684936523
48,633259162,knni td,0.729,0.239,d48_seed633259162_svd,2026-02-20T23:36:10.391058,13.084142684936523
48,633259162,knni mmr,0.691,0.155,d48_seed633259162_svd,2026-02-20T23:36:10.391058,13.084142684936523
48,633259162,svd,0.777,0.242,d48_seed633259162_svd,2026-02-20T23:36:10.391058,13.084142684936523
48,633259162,svd td,0.685,0.255,d48_seed633259162_svd,2026-02-20T23:36:10.391058,13.084142684936523
48,633259162,svd mmr,0.578,0.224,d48_seed633259162_svd,2026-02-20T23:36:10.391058,13.084142684936523
48,2047321531,knnu,0.822,0.234,d48_seed2047321531_svd,2026-02-20T23:36:23.057980,12.657943487167358
48,2047321531,knnu td,0.601,0.236,d48_seed2047321531_svd,2026-02-20T23:36:23.057980,12.657943487167358
48,2047321531,knnu mmr,0.661,0.154,d48_seed2047321531_svd,2026-02-20T23:36:23.057980,12.657943487167358
48,2047321531,knni,0.767,0.241,d48_seed2047321531_svd,2026-02-20T23:36:23.057980,12.657943487167358
48,2047321531,knni td,0.729,0.239,d48_seed2047321531_svd,2026-02-20T23:36:23.057980,12.657943487167358
48,2047321531,knni mmr,0.694,0.155,d48_seed2047321531_svd,2026-02-20T23:36:23.057980,12.657943487167358
48,2047321531,svd,0.777,0.242,d48_seed2047321531_svd,2026-02-20T23:36:23.057980,12.657943487167358
48,2047321531,svd td,0.685,0.255,d48_seed2047321531_svd,2026-02-20T23:36:23.057980,12.657943487167358
48,2047321531,svd mmr,0.578,0.226,d48_seed2047321531_svd,2026-02-20T23:36:23.057980,12.657943487167358
48,527024918,knnu,0.822,0.234,d48_seed527024918_svd,2026-02-20T23:36:35.894765,12.835782766342163
48,527024918,knnu td,0.601,0.236,d48_seed527024918_svd,2026-02-20T23:36:35.894765,12.835782766342163
48,527024918,knnu mmr,0.649,0.152,d48_seed527024918_svd,2026-02-20T23:36:35.894765,12.835782766342163
48,527024918,knni,0.767,0.241,d48_seed527024918_svd,2026-02-20T23:36:35.894765,12.835782766342163
48,527024918,knni td,0.729,0.239,d48_seed527024918_svd,2026-02-20T23:36:35.894765,12.835782766342163
48,527024918,knni mmr,0.701,0.156,d48_seed527024918_svd,2026-02-20T23:36:35.894765,12.835782766342163
48,527024918,svd,0.777,0.242,d48_seed527024918_svd,2026-02-20T23:36:35.894765,12.835782766342163
48,527024918,svd td,0.685,0.255,d48_seed527024918_svd,2026-02-20T23:36:35.894765,12.835782766342163
48,527024918,svd mmr,0.578,0.224,d48_seed527024918_svd,2026-02-20T23:36:35.894765,12.835782766342163
48,1317587706,knnu,0.822,0.234,d48_seed1317587706_svd,2026-02-20T23:36:48.946573,13.035846471786499
48,1317587706,knnu td,0.601,0.236,d48_seed1317587706_svd,2026-02-20T23:36:48.946573,13.035846471786499
48,1317587706,knnu mmr,0.629,0.154,d48_seed1317587706_svd,2026-02-20T23:36:48.946573,13.035846471786499
48,1317587706,knni,0.767,0.241,d48_seed1317587706_svd,2026-02-20T23:36:48.946573,13.035846471786499
48,1317587706,knni td,0.729,0.239,d48_seed1317587706_svd,2026-02-20T23:36:48.946573,13.035846471786499
48,1317587706,knni mmr,0.7,0.157,d48_seed1317587706_svd,2026-02-20T23:36:48.946573,13.035846471786499
48,1317587706,svd,0.777,0.242,d48_seed1317587706_svd,2026-02-20T23:36:48.946573,13.035846471786499
48,1317587706,svd td,0.685,0.255,d48_seed1317587706_svd,2026-02-20T23:36:48.946573,13.035846471786499
48,1317587706,svd mmr,0.58,0.225,d48_seed1317587706_svd,2026-02-20T23:36:48.946573,13.035846471786499
48,1036723065,knnu,0.822,0.234,d48_seed1036723065_svd,2026-02-20T23:37:01.856645,12.854278802871704
48,1036723065,knnu td,0.601,0.236,d48_seed1036723065_svd,2026-02-20T23:37:01.856645,12.854278802871704
48,1036723065,knnu mmr,0.645,0.155,d48_seed1036723065_svd,2026-02-20T23:37:01.856645,12.854278802871704
48,1036723065,knni,0.767,0.241,d48_seed1036723065_svd,2026-02-20T23:37:01.856645,12.854278802871704
48,1036723065,knni td,0.729,0.239,d48_seed1036723065_svd,2026-02-20T23:37:01.856645,12.854278802871704
48,1036723065,knni mmr,0.705,0.156,d48_seed1036723065_svd,2026-02-20T23:37:01.856645,12.854278802871704
48,1036723065,svd,0.777,0.242,d48_seed1036723065_svd,2026-02-20T23:37:01.856645,12.854278802871704
48,1036723065,svd td,0.685,0.255,d48_seed1036723065_svd,2026-02-20T23:37:01.856645,12.854278802871704
48,1036723065,svd mmr,0.578,0.224,d48_seed1036723065_svd,2026-02-20T23:37:01.856645,12.854278802871704
48,423235947,knnu,0.822,0.234,d48_seed423235947_svd,2026-02-20T23:37:15.150088,13.287825584411621
48,423235947,knnu td,0.601,0.236,d48_seed423235947_svd,2026-02-20T23:37:15.150088,13.287825584411621
48,423235947,knnu mmr,0.641,0.153,d48_seed423235947_svd,2026-02-20T23:37:15.150088,13.287825584411621
48,423235947,knni,0.767,0.241,d48_seed423235947_svd,2026-02-20T23:37:15.150088,13.287825584411621
48,423235947,knni td,0.729,0.239,d48_seed423235947_svd,2026-02-20T23:37:15.150088,13.287825584411621
48,423235947,knni mmr,0.688,0.156,d48_seed423235947_svd,2026-02-20T23:37:15.150088,13.287825584411621
48,423235947,svd,0.777,0.242,d48_seed423235947_svd,2026-02-20T23:37:15.150088,13.287825584411621
48,423235947,svd td,0.685,0.255,d48_seed423235947_svd,2026-02-20T23:37:15.150088,13.287825584411621
48,423235947,svd mmr,0.578,0.225,d48_seed423235947_svd,2026-02-20T23:37:15.150088,13.287825584411621
48,677482947,knnu,0.822,0.234,d48_seed677482947_svd,2026-02-20T23:37:28.452733,13.296959638595581
48,677482947,knnu td,0.601,0.236,d48_seed677482947_svd,2026-02-20T23:37:28.452733,13.296959638595581
48,677482947,knnu mmr,0.645,0.154,d48_seed677482947_svd,2026-02-20T23:37:28.452733,13.296959638595581
48,677482947,knni,0.767,0.241,d48_seed677482947_svd,2026-02-20T23:37:28.452733,13.296959638595581
48,677482947,knni td,0.729,0.239,d48_seed677482947_svd,2026-02-20T23:37:28.452733,13.296959638595581
48,677482947,knni mmr,0.696,0.156,d48_seed677482947_svd,2026-02-20T23:37:28.452733,13.296959638595581
48,677482947,svd,0.777,0.242,d48_seed677482947_svd,2026-02-20T23:37:28.452733,13.296959638595581
48,677482947,svd td,0.685,0.255,d48_seed677482947_svd,2026-02-20T23:37:28.452733,13.296959638595581
48,677482947,svd mmr,0.58,0.223,d48_seed677482947_svd,2026-02-20T23:37:28.452733,13.296959638595581
48,1492746576,knnu,0.822,0.234,d48_seed1492746576_svd,2026-02-20T23:37:41.120583,12.66054630279541
48,1492746576,knnu td,0.601,0.236,d48_seed1492746576_svd,2026-02-20T23:37:41.120583,12.66054630279541
48,1492746576,knnu mmr,0.64,0.154,d48_seed1492746576_svd,2026-02-20T23:37:41.120583,12.66054630279541
48,1492746576,knni,0.767,0.241,d48_seed1492746576_svd,2026-02-20T23:37:41.120583,12.66054630279541
48,1492746576,knni td,0.729,0.239,d48_seed1492746576_svd,2026-02-20T23:37:41.120583,12.66054630279541
48,1492746576,knni mmr,0.702,0.155,d48_seed1492746576_svd,2026-02-20T23:37:41.120583,12.66054630279541
48,1492746576,svd,0.777,0.242,d48_seed1492746576_svd,2026-02-20T23:37:41.120583,12.66054630279541
48,1492746576,svd td,0.685,0.255,d48_seed1492746576_svd,2026-02-20T23:37:41.120583,12.66054630279541
48,1492746576,svd mmr,0.58,0.224,d48_seed1492746576_svd,2026-02-20T23:37:41.120583,12.66054630279541
48,239209755,knnu,0.822,0.234,d48_seed239209755_svd,2026-02-20T23:37:54.615529,13.497946977615356
48,239209755,knnu td,0.601,0.236,d48_seed239209755_svd,2026-02-20T23:37:54.615529,13.497946977615356
48,239209755,knnu mmr,0.627,0.152,d48_seed239209755_svd,2026-02-20T23:37:54.615529,13.497946977615356
48,239209755,knni,0.767,0.241,d48_seed239209755_svd,2026-02-20T23:37:54.615529,13.497946977615356
48,239209755,knni td,0.729,0.239,d48_seed239209755_svd,2026-02-20T23:37:54.615529,13.497946977615356
48,239209755,knni mmr,0.693,0.155,d48_seed239209755_svd,2026-02-20T23:37:54.615529,13.497946977615356
48,239209755,svd,0.777,0.242,d48_seed239209755_svd,2026-02-20T23:37:54.615529,13.497946977615356
48,239209755,svd td,0.685,0.255,d48_seed239209755_svd,2026-02-20T23:37:54.615529,13.497946977615356
48,239209755,svd mmr,0.578,0.225,d48_seed239209755_svd,2026-02-20T23:37:54.615529,13.497946977615356
48,637016530,knnu,0.822,0.234,d48_seed637016530_svd,2026-02-20T23:38:07.378526,12.696823358535767
48,637016530,knnu td,0.601,0.236,d48_seed637016530_svd,2026-02-20T23:38:07.378526,12.696823358535767
48,637016530,knnu mmr,0.645,0.154,d48_seed637016530_svd,2026-02-20T23:38:07.378526,12.696823358535767
48,637016530,knni,0.767,0.241,d48_seed637016530_svd,2026-02-20T23:38:07.378526,12.696823358535767
48,637016530,knni td,0.729,0.239,d48_seed637016530_svd,2026-02-20T23:38:07.378526,12.696823358535767
48,637016530,knni mmr,0.702,0.156,d48_seed637016530_svd,2026-02-20T23:38:07.378526,12.696823358535767
48,637016530,svd,0.777,0.242,d48_seed637016530_svd,2026-02-20T23:38:07.378526,12.696823358535767
48,637016530,svd td,0.685,0.255,d48_seed637016530_svd,2026-02-20T23:38:07.378526,12.696823358535767
48,637016530,svd mmr,0.579,0.224,d48_seed637016530_svd,2026-02-20T23:38:07.378526,12.696823358535767
48,835817041,knnu,0.822,0.234,d48_seed835817041_svd,2026-02-20T23:38:20.449941,13.068419456481934
48,835817041,knnu td,0.601,0.236,d48_seed835817041_svd,2026-02-20T23:38:20.449941,13.068419456481934
48,835817041,knnu mmr,0.65,0.154,d48_seed835817041_svd,2026-02-20T23:38:20.449941,13.068419456481934
48,835817041,knni,0.767,0.241,d48_seed835817041_svd,2026-02-20T23:38:20.449941,13.068419456481934
48,835817041,knni td,0.729,0.239,d48_seed835817041_svd,2026-02-20T23:38:20.449941,13.068419456481934
48,835817041,knni mmr,0.702,0.156,d48_seed835817041_svd,2026-02-20T23:38:20.449941,13.068419456481934
48,835817041,svd,0.777,0.242,d48_seed835817041_svd,2026-02-20T23:38:20.449941,13.068419456481934
48,835817041,svd td,0.685,0.255,d48_seed835817041_svd,2026-02-20T23:38:20.449941,13.068419456481934
48,835817041,svd mmr,0.579,0.223,d48_seed835817041_svd,2026-02-20T23:38:20.449941,13.068419456481934
48,719958201,knnu,0.822,0.234,d48_seed719958201_svd,2026-02-20T23:38:33.317533,12.870234489440918
48,719958201,knnu td,0.601,0.236,d48_seed719958201_svd,2026-02-20T23:38:33.317533,12.870234489440918
48,719958201,knnu mmr,0.651,0.153,d48_seed719958201_svd,2026-02-20T23:38:33.317533,12.870234489440918
48,719958201,knni,0.767,0.241,d48_seed719958201_svd,2026-02-20T23:38:33.317533,12.870234489440918
48,719958201,knni td,0.729,0.239,d48_seed719958201_svd,2026-02-20T23:38:33.317533,12.870234489440918
48,719958201,knni mmr,0.707,0.155,d48_seed719958201_svd,2026-02-20T23:38:33.317533,12.870234489440918
48,719958201,svd,0.777,0.242,d48_seed719958201_svd,2026-02-20T23:38:33.317533,12.870234489440918
48,719958201,svd td,0.685,0.255,d48_seed719958201_svd,2026-02-20T23:38:33.317533,12.870234489440918
48,719958201,svd mmr,0.578,0.225,d48_seed719958201_svd,2026-02-20T23:38:33.317533,12.870234489440918
48,2004394224,knnu,0.822,0.234,d48_seed2004394224_svd,2026-02-20T23:38:45.673785,12.3475980758667
48,2004394224,knnu td,0.601,0.236,d48_seed2004394224_svd,2026-02-20T23:38:45.673785,12.3475980758667
48,2004394224,knnu mmr,0.646,0.155,d48_seed2004394224_svd,2026-02-20T23:38:45.673785,12.3475980758667
48,2004394224,knni,0.767,0.241,d48_seed2004394224_svd,2026-02-20T23:38:45.673785,12.3475980758667
48,2004394224,knni td,0.729,0.239,d48_seed2004394224_svd,2026-02-20T23:38:45.673785,12.3475980758667
48,2004394224,knni mmr,0.696,0.157,d48_seed2004394224_svd,2026-02-20T23:38:45.673785,12.3475980758667
48,2004394224,svd,0.777,0.242,d48_seed2004394224_svd,2026-02-20T23:38:45.673785,12.3475980758667
48,2004394224,svd td,0.685,0.255,d48_seed2004394224_svd,2026-02-20T23:38:45.673785,12.3475980758667
48,2004394224,svd mmr,0.578,0.224,d48_seed2004394224_svd,2026-02-20T23:38:45.673785,12.3475980758667
48,1047637579,knnu,0.822,0.234,d48_seed1047637579_svd,2026-02-20T23:38:58.376142,12.692814111709595
48,1047637579,knnu td,0.601,0.236,d48_seed1047637579_svd,2026-02-20T23:38:58.376142,12.692814111709595
48,1047637579,knnu mmr,0.643,0.154,d48_seed1047637579_svd,2026-02-20T23:38:58.376142,12.692814111709595
48,1047637579,knni,0.767,0.241,d48_seed1047637579_svd,2026-02-20T23:38:58.376142,12.692814111709595
48,1047637579,knni td,0.729,0.239,d48_seed1047637579_svd,2026-02-20T23:38:58.376142,12.692814111709595
48,1047637579,knni mmr,0.694,0.156,d48_seed1047637579_svd,2026-02-20T23:38:58.376142,12.692814111709595
48,1047637579,svd,0.777,0.242,d48_seed1047637579_svd,2026-02-20T23:38:58.376142,12.692814111709595
48,1047637579,svd td,0.685,0.255,d48_seed1047637579_svd,2026-02-20T23:38:58.376142,12.692814111709595
48,1047637579,svd mmr,0.579,0.225,d48_seed1047637579_svd,2026-02-20T23:38:58.376142,12.692814111709595
53,358056291,knnu,0.822,0.234,d53_seed358056291_svd,2026-02-20T23:39:11.139398,12.702268123626709
53,358056291,knnu td,0.601,0.236,d53_seed358056291_svd,2026-02-20T23:39:11.139398,12.702268123626709
53,358056291,knnu mmr,0.65,0.153,d53_seed358056291_svd,2026-02-20T23:39:11.139398,12.702268123626709
53,358056291,knni,0.767,0.241,d53_seed358056291_svd,2026-02-20T23:39:11.139398,12.702268123626709
53,358056291,knni td,0.729,0.239,d53_seed358056291_svd,2026-02-20T23:39:11.139398,12.702268123626709
53,358056291,knni mmr,0.717,0.153,d53_seed358056291_svd,2026-02-20T23:39:11.139398,12.702268123626709
53,358056291,svd,0.777,0.242,d53_seed358056291_svd,2026-02-20T23:39:11.139398,12.702268123626709
53,358056291,svd td,0.685,0.255,d53_seed358056291_svd,2026-02-20T23:39:11.139398,12.702268123626709
53,358056291,svd mmr,0.58,0.222,d53_seed358056291_svd,2026-02-20T23:39:11.139398,12.702268123626709
53,1576296115,knnu,0.822,0.234,d53_seed1576296115_svd,2026-02-20T23:39:24.175365,13.026877403259277
53,1576296115,knnu td,0.601,0.236,d53_seed1576296115_svd,2026-02-20T23:39:24.175365,13.026877403259277
53,1576296115,knnu mmr,0.657,0.152,d53_seed1576296115_svd,2026-02-20T23:39:24.175365,13.026877403259277
53,1576296115,knni,0.767,0.241,d53_seed1576296115_svd,2026-02-20T23:39:24.175365,13.026877403259277
53,1576296115,knni td,0.729,0.239,d53_seed1576296115_svd,2026-02-20T23:39:24.175365,13.026877403259277
53,1576296115,knni mmr,0.726,0.153,d53_seed1576296115_svd,2026-02-20T23:39:24.175365,13.026877403259277
53,1576296115,svd,0.777,0.242,d53_seed1576296115_svd,2026-02-20T23:39:24.175365,13.026877403259277
53,1576296115,svd td,0.685,0.255,d53_seed1576296115_svd,2026-02-20T23:39:24.175365,13.026877403259277
53,1576296115,svd mmr,0.58,0.222,d53_seed1576296115_svd,2026-02-20T23:39:24.175365,13.026877403259277
53,1631363395,knnu,0.822,0.234,d53_seed1631363395_svd,2026-02-20T23:39:37.810238,13.624499797821045
53,1631363395,knnu td,0.601,0.236,d53_seed1631363395_svd,2026-02-20T23:39:37.810238,13.624499797821045
53,1631363395,knnu mmr,0.653,0.152,d53_seed1631363395_svd,2026-02-20T23:39:37.810238,13.624499797821045
53,1631363395,knni,0.767,0.241,d53_seed1631363395_svd,2026-02-20T23:39:37.810238,13.624499797821045
53,1631363395,knni td,0.729,0.239,d53_seed1631363395_svd,2026-02-20T23:39:37.810238,13.624499797821045
53,1631363395,knni mmr,0.7,0.154,d53_seed1631363395_svd,2026-02-20T23:39:37.810238,13.624499797821045
53,1631363395,svd,0.777,0.242,d53_seed1631363395_svd,2026-02-20T23:39:37.810238,13.624499797821045
53,1631363395,svd td,0.685,0.255,d53_seed1631363395_svd,2026-02-20T23:39:37.810238,13.624499797821045
53,1631363395,svd mmr,0.58,0.223,d53_seed1631363395_svd,2026-02-20T23:39:37.810238,13.624499797821045
53,169153558,knnu,0.822,0.234,d53_seed169153558_svd,2026-02-20T23:39:50.740529,12.919297695159912
53,169153558,knnu td,0.601,0.236,d53_seed169153558_svd,2026-02-20T23:39:50.740529,12.919297695159912
53,169153558,knnu mmr,0.653,0.153,d53_seed169153558_svd,2026-02-20T23:39:50.740529,12.919297695159912
53,169153558,knni,0.767,0.241,d53_seed169153558_svd,2026-02-20T23:39:50.740529,12.919297695159912
53,169153558,knni td,0.729,0.239,d53_seed169153558_svd,2026-02-20T23:39:50.740529,12.919297695159912
53,169153558,knni mmr,0.716,0.154,d53_seed169153558_svd,2026-02-20T23:39:50.740529,12.919297695159912
53,169153558,svd,0.777,0.242,d53_seed169153558_svd,2026-02-20T23:39:50.740529,12.919297695159912
53,169153558,svd td,0.685,0.255,d53_seed169153558_svd,2026-02-20T23:39:50.740529,12.919297695159912
53,169153558,svd mmr,0.58,0.222,d53_seed169153558_svd,2026-02-20T23:39:50.740529,12.919297695159912
53,690066093,knnu,0.822,0.234,d53_seed690066093_svd,2026-02-20T23:40:04.218455,13.481119155883789
53,690066093,knnu td,0.601,0.236,d53_seed690066093_svd,2026-02-20T23:40:04.218455,13.481119155883789
53,690066093,knnu mmr,0.654,0.152,d53_seed690066093_svd,2026-02-20T23:40:04.218455,13.481119155883789
53,690066093,knni,0.767,0.241,d53_seed690066093_svd,2026-02-20T23:40:04.218455,13.481119155883789
53,690066093,knni td,0.729,0.239,d53_seed690066093_svd,2026-02-20T23:40:04.218455,13.481119155883789
53,690066093,knni mmr,0.708,0.154,d53_seed690066093_svd,2026-02-20T23:40:04.218455,13.481119155883789
53,690066093,svd,0.777,0.242,d53_seed690066093_svd,2026-02-20T23:40:04.218455,13.481119155883789
53,690066093,svd td,0.685,0.255,d53_seed690066093_svd,2026-02-20T23:40:04.218455,13.481119155883789
53,690066093,svd mmr,0.58,0.222,d53_seed690066093_svd,2026-02-20T23:40:04.218455,13.481119155883789
53,1098655442,knnu,0.822,0.234,d53_seed1098655442_svd,2026-02-20T23:40:17.543124,13.255436182022095
53,1098655442,knnu td,0.601,0.236,d53_seed1098655442_svd,2026-02-20T23:40:17.543124,13.255436182022095
53,1098655442,knnu mmr,0.652,0.153,d53_seed1098655442_svd,2026-02-20T23:40:17.543124,13.255436182022095
53,1098655442,knni,0.767,0.241,d53_seed1098655442_svd,2026-02-20T23:40:17.543124,13.255436182022095
53,1098655442,knni td,0.729,0.239,d53_seed1098655442_svd,2026-02-20T23:40:17.543124,13.255436182022095
53,1098655442,knni mmr,0.712,0.154,d53_seed1098655442_svd,2026-02-20T23:40:17.543124,13.255436182022095
53,1098655442,svd,0.777,0.242,d53_seed1098655442_svd,2026-02-20T23:40:17.543124,13.255436182022095
53,1098655442,svd td,0.685,0.255,d53_seed1098655442_svd,2026-02-20T23:40:17.543124,13.255436182022095
53,1098655442,svd mmr,0.58,0.223,d53_seed1098655442_svd,2026-02-20T23:40:17.543124,13.255436182022095
53,633259162,knnu,0.822,0.234,d53_seed633259162_svd,2026-02-20T23:40:30.457591,12.898314476013184
53,633259162,knnu td,0.601,0.236,d53_seed633259162_svd,2026-02-20T23:40:30.457591,12.898314476013184
53,633259162,knnu mmr,0.66,0.152,d53_seed633259162_svd,2026-02-20T23:40:30.457591,12.898314476013184
53,633259162,knni,0.767,0.241,d53_seed633259162_svd,2026-02-20T23:40:30.457591,12.898314476013184
53,633259162,knni td,0.729,0.239,d53_seed633259162_svd,2026-02-20T23:40:30.457591,12.898314476013184
53,633259162,knni mmr,0.719,0.154,d53_seed633259162_svd,2026-02-20T23:40:30.457591,12.898314476013184
53,633259162,svd,0.777,0.242,d53_seed633259162_svd,2026-02-20T23:40:30.457591,12.898314476013184
53,633259162,svd td,0.685,0.255,d53_seed633259162_svd,2026-02-20T23:40:30.457591,12.898314476013184
53,633259162,svd mmr,0.58,0.222,d53_seed633259162_svd,2026-02-20T23:40:30.457591,12.898314476013184
53,2047321531,knnu,0.822,0.234,d53_seed2047321531_svd,2026-02-20T23:40:43.484352,13.012876510620117
53,2047321531,knnu td,0.601,0.236,d53_seed2047321531_svd,2026-02-20T23:40:43.484352,13.012876510620117
53,2047321531,knnu mmr,0.658,0.152,d53_seed2047321531_svd,2026-02-20T23:40:43.484352,13.012876510620117
53,2047321531,knni,0.767,0.241,d53_seed2047321531_svd,2026-02-20T23:40:43.484352,13.012876510620117
53,2047321531,knni td,0.729,0.239,d53_seed2047321531_svd,2026-02-20T23:40:43.484352,13.012876510620117
53,2047321531,knni mmr,0.729,0.153,d53_seed2047321531_svd,2026-02-20T23:40:43.484352,13.012876510620117
53,2047321531,svd,0.777,0.242,d53_seed2047321531_svd,2026-02-20T23:40:43.484352,13.012876510620117
53,2047321531,svd td,0.685,0.255,d53_seed2047321531_svd,2026-02-20T23:40:43.484352,13.012876510620117
53,2047321531,svd mmr,0.58,0.223,d53_seed2047321531_svd,2026-02-20T23:40:43.484352,13.012876510620117
53,527024918,knnu,0.822,0.234,d53_seed527024918_svd,2026-02-20T23:40:56.222693,12.72830581665039
53,527024918,knnu td,0.601,0.236,d53_seed527024918_svd,2026-02-20T23:40:56.222693,12.72830581665039
53,527024918,knnu mmr,0.654,0.152,d53_seed527024918_svd,2026-02-20T23:40:56.222693,12.72830581665039
53,527024918,knni,0.767,0.241,d53_seed527024918_svd,2026-02-20T23:40:56.222693,12.72830581665039
53,527024918,knni td,0.729,0.239,d53_seed527024918_svd,2026-02-20T23:40:56.222693,12.72830581665039
53,527024918,knni mmr,0.716,0.154,d53_seed527024918_svd,2026-02-20T23:40:56.222693,12.72830581665039
53,527024918,svd,0.777,0.242,d53_seed527024918_svd,2026-02-20T23:40:56.222693,12.72830581665039
53,527024918,svd td,0.685,0.255,d53_seed527024918_svd,2026-02-20T23:40:56.222693,12.72830581665039
53,527024918,svd mmr,0.58,0.223,d53_seed527024918_svd,2026-02-20T23:40:56.222693,12.72830581665039
53,1317587706,knnu,0.822,0.234,d53_seed1317587706_svd,2026-02-20T23:41:09.383388,13.154428720474243
53,1317587706,knnu td,0.601,0.236,d53_seed1317587706_svd,2026-02-20T23:41:09.383388,13.154428720474243
53,1317587706,knnu mmr,0.64,0.153,d53_seed1317587706_svd,2026-02-20T23:41:09.383388,13.154428720474243
53,1317587706,knni,0.767,0.241,d53_seed1317587706_svd,2026-02-20T23:41:09.383388,13.154428720474243
53,1317587706,knni td,0.729,0.239,d53_seed1317587706_svd,2026-02-20T23:41:09.383388,13.154428720474243
53,1317587706,knni mmr,0.698,0.154,d53_seed1317587706_svd,2026-02-20T23:41:09.383388,13.154428720474243
53,1317587706,svd,0.777,0.242,d53_seed1317587706_svd,2026-02-20T23:41:09.383388,13.154428720474243
53,1317587706,svd td,0.685,0.255,d53_seed1317587706_svd,2026-02-20T23:41:09.383388,13.154428720474243
53,1317587706,svd mmr,0.58,0.222,d53_seed1317587706_svd,2026-02-20T23:41:09.383388,13.154428720474243
53,1036723065,knnu,0.822,0.234,d53_seed1036723065_svd,2026-02-20T23:41:22.688688,13.239707231521606
53,1036723065,knnu td,0.601,0.236,d53_seed1036723065_svd,2026-02-20T23:41:22.688688,13.239707231521606
53,1036723065,knnu mmr,0.65,0.152,d53_seed1036723065_svd,2026-02-20T23:41:22.688688,13.239707231521606
53,1036723065,knni,0.767,0.241,d53_seed1036723065_svd,2026-02-20T23:41:22.688688,13.239707231521606
53,1036723065,knni td,0.729,0.239,d53_seed1036723065_svd,2026-02-20T23:41:22.688688,13.239707231521606
53,1036723065,knni mmr,0.727,0.154,d53_seed1036723065_svd,2026-02-20T23:41:22.688688,13.239707231521606
53,1036723065,svd,0.777,0.242,d53_seed1036723065_svd,2026-02-20T23:41:22.688688,13.239707231521606
53,1036723065,svd td,0.685,0.255,d53_seed1036723065_svd,2026-02-20T23:41:22.688688,13.239707231521606
53,1036723065,svd mmr,0.58,0.222,d53_seed1036723065_svd,2026-02-20T23:41:22.688688,13.239707231521606
53,423235947,knnu,0.822,0.234,d53_seed423235947_svd,2026-02-20T23:41:35.363216,12.669534683227539
53,423235947,knnu td,0.601,0.236,d53_seed423235947_svd,2026-02-20T23:41:35.363216,12.669534683227539
53,423235947,knnu mmr,0.657,0.153,d53_seed423235947_svd,2026-02-20T23:41:35.363216,12.669534683227539
53,423235947,knni,0.767,0.241,d53_seed423235947_svd,2026-02-20T23:41:35.363216,12.669534683227539
53,423235947,knni td,0.729,0.239,d53_seed423235947_svd,2026-02-20T23:41:35.363216,12.669534683227539
53,423235947,knni mmr,0.702,0.154,d53_seed423235947_svd,2026-02-20T23:41:35.363216,12.669534683227539
53,423235947,svd,0.777,0.242,d53_seed423235947_svd,2026-02-20T23:41:35.363216,12.669534683227539
53,423235947,svd td,0.685,0.255,d53_seed423235947_svd,2026-02-20T23:41:35.363216,12.669534683227539
53,423235947,svd mmr,0.58,0.222,d53_seed423235947_svd,2026-02-20T23:41:35.363216,12.669534683227539
53,677482947,knnu,0.822,0.234,d53_seed677482947_svd,2026-02-20T23:41:48.756087,13.37679147720337
53,677482947,knnu td,0.601,0.236,d53_seed677482947_svd,2026-02-20T23:41:48.756087,13.37679147720337
53,677482947,knnu mmr,0.657,0.153,d53_seed677482947_svd,2026-02-20T23:41:48.756087,13.37679147720337
53,677482947,knni,0.767,0.241,d53_seed677482947_svd,2026-02-20T23:41:48.756087,13.37679147720337
53,677482947,knni td,0.729,0.239,d53_seed677482947_svd,2026-02-20T23:41:48.756087,13.37679147720337
53,677482947,knni mmr,0.715,0.154,d53_seed677482947_svd,2026-02-20T23:41:48.756087,13.37679147720337
53,677482947,svd,0.777,0.242,d53_seed677482947_svd,2026-02-20T23:41:48.756087,13.37679147720337
53,677482947,svd td,0.685,0.255,d53_seed677482947_svd,2026-02-20T23:41:48.756087,13.37679147720337
53,677482947,svd mmr,0.58,0.224,d53_seed677482947_svd,2026-02-20T23:41:48.756087,13.37679147720337
53,1492746576,knnu,0.822,0.234,d53_seed1492746576_svd,2026-02-20T23:42:02.175701,13.427207231521606
53,1492746576,knnu td,0.601,0.236,d53_seed1492746576_svd,2026-02-20T23:42:02.175701,13.427207231521606
53,1492746576,knnu mmr,0.65,0.152,d53_seed1492746576_svd,2026-02-20T23:42:02.175701,13.427207231521606
53,1492746576,knni,0.767,0.241,d53_seed1492746576_svd,2026-02-20T23:42:02.175701,13.427207231521606
53,1492746576,knni td,0.729,0.239,d53_seed1492746576_svd,2026-02-20T23:42:02.175701,13.427207231521606
53,1492746576,knni mmr,0.699,0.154,d53_seed1492746576_svd,2026-02-20T23:42:02.175701,13.427207231521606
53,1492746576,svd,0.777,0.242,d53_seed1492746576_svd,2026-02-20T23:42:02.175701,13.427207231521606
53,1492746576,svd td,0.685,0.255,d53_seed1492746576_svd,2026-02-20T23:42:02.175701,13.427207231521606
53,1492746576,svd mmr,0.58,0.222,d53_seed1492746576_svd,2026-02-20T23:42:02.175701,13.427207231521606
53,239209755,knnu,0.822,0.234,d53_seed239209755_svd,2026-02-20T23:42:14.847712,12.653053522109985
53,239209755,knnu td,0.601,0.236,d53_seed239209755_svd,2026-02-20T23:42:14.847712,12.653053522109985
53,239209755,knnu mmr,0.659,0.152,d53_seed239209755_svd,2026-02-20T23:42:14.847712,12.653053522109985
53,239209755,knni,0.767,0.241,d53_seed239209755_svd,2026-02-20T23:42:14.847712,12.653053522109985
53,239209755,knni td,0.729,0.239,d53_seed239209755_svd,2026-02-20T23:42:14.847712,12.653053522109985
53,239209755,knni mmr,0.708,0.154,d53_seed239209755_svd,2026-02-20T23:42:14.847712,12.653053522109985
53,239209755,svd,0.777,0.242,d53_seed239209755_svd,2026-02-20T23:42:14.847712,12.653053522109985
53,239209755,svd td,0.685,0.255,d53_seed239209755_svd,2026-02-20T23:42:14.847712,12.653053522109985
53,239209755,svd mmr,0.58,0.222,d53_seed239209755_svd,2026-02-20T23:42:14.847712,12.653053522109985
53,637016530,knnu,0.822,0.234,d53_seed637016530_svd,2026-02-20T23:42:27.529072,12.62575650215149
53,637016530,knnu td,0.601,0.236,d53_seed637016530_svd,2026-02-20T23:42:27.529072,12.62575650215149
53,637016530,knnu mmr,0.654,0.153,d53_seed637016530_svd,2026-02-20T23:42:27.529072,12.62575650215149
53,637016530,knni,0.767,0.241,d53_seed637016530_svd,2026-02-20T23:42:27.529072,12.62575650215149
53,637016530,knni td,0.729,0.239,d53_seed637016530_svd,2026-02-20T23:42:27.529072,12.62575650215149
53,637016530,knni mmr,0.724,0.154,d53_seed637016530_svd,2026-02-20T23:42:27.529072,12.62575650215149
53,637016530,svd,0.777,0.242,d53_seed637016530_svd,2026-02-20T23:42:27.529072,12.62575650215149
53,637016530,svd td,0.685,0.255,d53_seed637016530_svd,2026-02-20T23:42:27.529072,12.62575650215149
53,637016530,svd mmr,0.58,0.222,d53_seed637016530_svd,2026-02-20T23:42:27.529072,12.62575650215149
53,835817041,knnu,0.822,0.234,d53_seed835817041_svd,2026-02-20T23:42:40.656057,13.126985311508179
53,835817041,knnu td,0.601,0.236,d53_seed835817041_svd,2026-02-20T23:42:40.656057,13.126985311508179
53,835817041,knnu mmr,0.655,0.153,d53_seed835817041_svd,2026-02-20T23:42:40.656057,13.126985311508179
53,835817041,knni,0.767,0.241,d53_seed835817041_svd,2026-02-20T23:42:40.656057,13.126985311508179
53,835817041,knni td,0.729,0.239,d53_seed835817041_svd,2026-02-20T23:42:40.656057,13.126985311508179
53,835817041,knni mmr,0.706,0.155,d53_seed835817041_svd,2026-02-20T23:42:40.656057,13.126985311508179
53,835817041,svd,0.777,0.242,d53_seed835817041_svd,2026-02-20T23:42:40.656057,13.126985311508179
53,835817041,svd td,0.685,0.255,d53_seed835817041_svd,2026-02-20T23:42:40.656057,13.126985311508179
53,835817041,svd mmr,0.58,0.223,d53_seed835817041_svd,2026-02-20T23:42:40.656057,13.126985311508179
53,719958201,knnu,0.822,0.234,d53_seed719958201_svd,2026-02-20T23:42:54.197433,13.524374961853027
53,719958201,knnu td,0.601,0.236,d53_seed719958201_svd,2026-02-20T23:42:54.197433,13.524374961853027
53,719958201,knnu mmr,0.654,0.152,d53_seed719958201_svd,2026-02-20T23:42:54.197433,13.524374961853027
53,719958201,knni,0.767,0.241,d53_seed719958201_svd,2026-02-20T23:42:54.197433,13.524374961853027
53,719958201,knni td,0.729,0.239,d53_seed719958201_svd,2026-02-20T23:42:54.197433,13.524374961853027
53,719958201,knni mmr,0.707,0.153,d53_seed719958201_svd,2026-02-20T23:42:54.197433,13.524374961853027
53,719958201,svd,0.777,0.242,d53_seed719958201_svd,2026-02-20T23:42:54.197433,13.524374961853027
53,719958201,svd td,0.685,0.255,d53_seed719958201_svd,2026-02-20T23:42:54.197433,13.524374961853027
53,719958201,svd mmr,0.58,0.222,d53_seed719958201_svd,2026-02-20T23:42:54.197433,13.524374961853027
53,2004394224,knnu,0.822,0.234,d53_seed2004394224_svd,2026-02-20T23:43:06.879630,12.683193445205688
53,2004394224,knnu td,0.601,0.236,d53_seed2004394224_svd,2026-02-20T23:43:06.879630,12.683193445205688
53,2004394224,knnu mmr,0.651,0.152,d53_seed2004394224_svd,2026-02-20T23:43:06.879630,12.683193445205688
53,2004394224,knni,0.767,0.241,d53_seed2004394224_svd,2026-02-20T23:43:06.879630,12.683193445205688
53,2004394224,knni td,0.729,0.239,d53_seed2004394224_svd,2026-02-20T23:43:06.879630,12.683193445205688
53,2004394224,knni mmr,0.729,0.154,d53_seed2004394224_svd,2026-02-20T23:43:06.879630,12.683193445205688
53,2004394224,svd,0.777,0.242,d53_seed2004394224_svd,2026-02-20T23:43:06.879630,12.683193445205688
53,2004394224,svd td,0.685,0.255,d53_seed2004394224_svd,2026-02-20T23:43:06.879630,12.683193445205688
53,2004394224,svd mmr,0.58,0.222,d53_seed2004394224_svd,2026-02-20T23:43:06.879630,12.683193445205688
53,1047637579,knnu,0.822,0.234,d53_seed1047637579_svd,2026-02-20T23:43:19.835867,12.95123553276062
53,1047637579,knnu td,0.601,0.236,d53_seed1047637579_svd,2026-02-20T23:43:19.835867,12.95123553276062
53,1047637579,knnu mmr,0.65,0.152,d53_seed1047637579_svd,2026-02-20T23:43:19.835867,12.95123553276062
53,1047637579,knni,0.767,0.241,d53_seed1047637579_svd,2026-02-20T23:43:19.835867,12.95123553276062
53,1047637579,knni td,0.729,0.239,d53_seed1047637579_svd,2026-02-20T23:43:19.835867,12.95123553276062
53,1047637579,knni mmr,0.719,0.154,d53_seed1047637579_svd,2026-02-20T23:43:19.835867,12.95123553276062
53,1047637579,svd,0.777,0.242,d53_seed1047637579_svd,2026-02-20T23:43:19.835867,12.95123553276062
53,1047637579,svd td,0.685,0.255,d53_seed1047637579_svd,2026-02-20T23:43:19.835867,12.95123553276062
53,1047637579,svd mmr,0.58,0.222,d53_seed1047637579_svd,2026-02-20T23:43:19.835867,12.95123553276062
58,358056291,knnu,0.822,0.234,d58_seed358056291_svd,2026-02-20T23:43:34.997144,15.095999717712402
58,358056291,knnu td,0.601,0.236,d58_seed358056291_svd,2026-02-20T23:43:34.997144,15.095999717712402
58,358056291,knnu mmr,0.635,0.154,d58_seed358056291_svd,2026-02-20T23:43:34.997144,15.095999717712402
58,358056291,knni,0.767,0.241,d58_seed358056291_svd,2026-02-20T23:43:34.997144,15.095999717712402
58,358056291,knni td,0.729,0.239,d58_seed358056291_svd,2026-02-20T23:43:34.997144,15.095999717712402
58,358056291,knni mmr,0.685,0.153,d58_seed358056291_svd,2026-02-20T23:43:34.997144,15.095999717712402
58,358056291,svd,0.777,0.242,d58_seed358056291_svd,2026-02-20T23:43:34.997144,15.095999717712402
58,358056291,svd td,0.685,0.255,d58_seed358056291_svd,2026-02-20T23:43:34.997144,15.095999717712402
58,358056291,svd mmr,0.581,0.222,d58_seed358056291_svd,2026-02-20T23:43:34.997144,15.095999717712402
58,1576296115,knnu,0.822,0.234,d58_seed1576296115_svd,2026-02-20T23:43:48.722953,13.711471557617188
58,1576296115,knnu td,0.601,0.236,d58_seed1576296115_svd,2026-02-20T23:43:48.722953,13.711471557617188
58,1576296115,knnu mmr,0.617,0.154,d58_seed1576296115_svd,2026-02-20T23:43:48.722953,13.711471557617188
58,1576296115,knni,0.767,0.241,d58_seed1576296115_svd,2026-02-20T23:43:48.722953,13.711471557617188
58,1576296115,knni td,0.729,0.239,d58_seed1576296115_svd,2026-02-20T23:43:48.722953,13.711471557617188
58,1576296115,knni mmr,0.682,0.153,d58_seed1576296115_svd,2026-02-20T23:43:48.722953,13.711471557617188
58,1576296115,svd,0.777,0.242,d58_seed1576296115_svd,2026-02-20T23:43:48.722953,13.711471557617188
58,1576296115,svd td,0.685,0.255,d58_seed1576296115_svd,2026-02-20T23:43:48.722953,13.711471557617188
58,1576296115,svd mmr,0.581,0.222,d58_seed1576296115_svd,2026-02-20T23:43:48.722953,13.711471557617188
58,1631363395,knnu,0.822,0.234,d58_seed1631363395_svd,2026-02-20T23:44:01.603421,12.876468420028687
58,1631363395,knnu td,0.601,0.236,d58_seed1631363395_svd,2026-02-20T23:44:01.603421,12.876468420028687
58,1631363395,knnu mmr,0.646,0.154,d58_seed1631363395_svd,2026-02-20T23:44:01.603421,12.876468420028687
58,1631363395,knni,0.767,0.241,d58_seed1631363395_svd,2026-02-20T23:44:01.603421,12.876468420028687
58,1631363395,knni td,0.729,0.239,d58_seed1631363395_svd,2026-02-20T23:44:01.603421,12.876468420028687
58,1631363395,knni mmr,0.688,0.153,d58_seed1631363395_svd,2026-02-20T23:44:01.603421,12.876468420028687
58,1631363395,svd,0.777,0.242,d58_seed1631363395_svd,2026-02-20T23:44:01.603421,12.876468420028687
58,1631363395,svd td,0.685,0.255,d58_seed1631363395_svd,2026-02-20T23:44:01.603421,12.876468420028687
58,1631363395,svd mmr,0.58,0.222,d58_seed1631363395_svd,2026-02-20T23:44:01.603421,12.876468420028687
58,169153558,knnu,0.822,0.234,d58_seed169153558_svd,2026-02-20T23:44:15.329667,13.725860118865967
58,169153558,knnu td,0.601,0.236,d58_seed169153558_svd,2026-02-20T23:44:15.329667,13.725860118865967
58,169153558,knnu mmr,0.632,0.155,d58_seed169153558_svd,2026-02-20T23:44:15.329667,13.725860118865967
58,169153558,knni,0.767,0.241,d58_seed169153558_svd,2026-02-20T23:44:15.329667,13.725860118865967
58,169153558,knni td,0.729,0.239,d58_seed169153558_svd,2026-02-20T23:44:15.329667,13.725860118865967
58,169153558,knni mmr,0.683,0.154,d58_seed169153558_svd,2026-02-20T23:44:15.329667,13.725860118865967
58,169153558,svd,0.777,0.242,d58_seed169153558_svd,2026-02-20T23:44:15.329667,13.725860118865967
58,169153558,svd td,0.685,0.255,d58_seed169153558_svd,2026-02-20T23:44:15.329667,13.725860118865967
58,169153558,svd mmr,0.58,0.222,d58_seed169153558_svd,2026-02-20T23:44:15.329667,13.725860118865967
58,690066093,knnu,0.822,0.234,d58_seed690066093_svd,2026-02-20T23:44:28.855340,13.508491039276123
58,690066093,knnu td,0.601,0.236,d58_seed690066093_svd,2026-02-20T23:44:28.855340,13.508491039276123
58,690066093,knnu mmr,0.621,0.155,d58_seed690066093_svd,2026-02-20T23:44:28.855340,13.508491039276123
58,690066093,knni,0.767,0.241,d58_seed690066093_svd,2026-02-20T23:44:28.855340,13.508491039276123
58,690066093,knni td,0.729,0.239,d58_seed690066093_svd,2026-02-20T23:44:28.855340,13.508491039276123
58,690066093,knni mmr,0.682,0.153,d58_seed690066093_svd,2026-02-20T23:44:28.855340,13.508491039276123
58,690066093,svd,0.777,0.242,d58_seed690066093_svd,2026-02-20T23:44:28.855340,13.508491039276123
58,690066093,svd td,0.685,0.255,d58_seed690066093_svd,2026-02-20T23:44:28.855340,13.508491039276123
58,690066093,svd mmr,0.58,0.222,d58_seed690066093_svd,2026-02-20T23:44:28.855340,13.508491039276123
58,1098655442,knnu,0.822,0.234,d58_seed1098655442_svd,2026-02-20T23:44:41.765375,12.835941076278687
58,1098655442,knnu td,0.601,0.236,d58_seed1098655442_svd,2026-02-20T23:44:41.765375,12.835941076278687
58,1098655442,knnu mmr,0.617,0.154,d58_seed1098655442_svd,2026-02-20T23:44:41.765375,12.835941076278687
58,1098655442,knni,0.767,0.241,d58_seed1098655442_svd,2026-02-20T23:44:41.765375,12.835941076278687
58,1098655442,knni td,0.729,0.239,d58_seed1098655442_svd,2026-02-20T23:44:41.765375,12.835941076278687
58,1098655442,knni mmr,0.684,0.153,d58_seed1098655442_svd,2026-02-20T23:44:41.765375,12.835941076278687
58,1098655442,svd,0.777,0.242,d58_seed1098655442_svd,2026-02-20T23:44:41.765375,12.835941076278687
58,1098655442,svd td,0.685,0.255,d58_seed1098655442_svd,2026-02-20T23:44:41.765375,12.835941076278687
58,1098655442,svd mmr,0.581,0.222,d58_seed1098655442_svd,2026-02-20T23:44:41.765375,12.835941076278687
58,633259162,knnu,0.822,0.234,d58_seed633259162_svd,2026-02-20T23:44:55.330318,13.569710969924927
58,633259162,knnu td,0.601,0.236,d58_seed633259162_svd,2026-02-20T23:44:55.330318,13.569710969924927
58,633259162,knnu mmr,0.62,0.155,d58_seed633259162_svd,2026-02-20T23:44:55.330318,13.569710969924927
58,633259162,knni,0.767,0.241,d58_seed633259162_svd,2026-02-20T23:44:55.330318,13.569710969924927
58,633259162,knni td,0.729,0.239,d58_seed633259162_svd,2026-02-20T23:44:55.330318,13.569710969924927
58,633259162,knni mmr,0.681,0.153,d58_seed633259162_svd,2026-02-20T23:44:55.330318,13.569710969924927
58,633259162,svd,0.777,0.242,d58_seed633259162_svd,2026-02-20T23:44:55.330318,13.569710969924927
58,633259162,svd td,0.685,0.255,d58_seed633259162_svd,2026-02-20T23:44:55.330318,13.569710969924927
58,633259162,svd mmr,0.58,0.221,d58_seed633259162_svd,2026-02-20T23:44:55.330318,13.569710969924927
58,2047321531,knnu,0.822,0.234,d58_seed2047321531_svd,2026-02-20T23:45:08.287602,12.948310136795044
58,2047321531,knnu td,0.601,0.236,d58_seed2047321531_svd,2026-02-20T23:45:08.287602,12.948310136795044
58,2047321531,knnu mmr,0.63,0.155,d58_seed2047321531_svd,2026-02-20T23:45:08.287602,12.948310136795044
58,2047321531,knni,0.767,0.241,d58_seed2047321531_svd,2026-02-20T23:45:08.287602,12.948310136795044
58,2047321531,knni td,0.729,0.239,d58_seed2047321531_svd,2026-02-20T23:45:08.287602,12.948310136795044
58,2047321531,knni mmr,0.684,0.153,d58_seed2047321531_svd,2026-02-20T23:45:08.287602,12.948310136795044
58,2047321531,svd,0.777,0.242,d58_seed2047321531_svd,2026-02-20T23:45:08.287602,12.948310136795044
58,2047321531,svd td,0.685,0.255,d58_seed2047321531_svd,2026-02-20T23:45:08.287602,12.948310136795044
58,2047321531,svd mmr,0.581,0.222,d58_seed2047321531_svd,2026-02-20T23:45:08.287602,12.948310136795044
58,527024918,knnu,0.822,0.234,d58_seed527024918_svd,2026-02-20T23:45:21.411950,13.100043535232544
58,527024918,knnu td,0.601,0.236,d58_seed527024918_svd,2026-02-20T23:45:21.411950,13.100043535232544
58,527024918,knnu mmr,0.619,0.153,d58_seed527024918_svd,2026-02-20T23:45:21.411950,13.100043535232544
58,527024918,knni,0.767,0.241,d58_seed527024918_svd,2026-02-20T23:45:21.411950,13.100043535232544
58,527024918,knni td,0.729,0.239,d58_seed527024918_svd,2026-02-20T23:45:21.411950,13.100043535232544
58,527024918,knni mmr,0.68,0.154,d58_seed527024918_svd,2026-02-20T23:45:21.411950,13.100043535232544
58,527024918,svd,0.777,0.242,d58_seed527024918_svd,2026-02-20T23:45:21.411950,13.100043535232544
58,527024918,svd td,0.685,0.255,d58_seed527024918_svd,2026-02-20T23:45:21.411950,13.100043535232544
58,527024918,svd mmr,0.581,0.222,d58_seed527024918_svd,2026-02-20T23:45:21.411950,13.100043535232544
58,1317587706,knnu,0.822,0.234,d58_seed1317587706_svd,2026-02-20T23:45:34.482764,13.052353382110596
58,1317587706,knnu td,0.601,0.236,d58_seed1317587706_svd,2026-02-20T23:45:34.482764,13.052353382110596
58,1317587706,knnu mmr,0.632,0.154,d58_seed1317587706_svd,2026-02-20T23:45:34.482764,13.052353382110596
58,1317587706,knni,0.767,0.241,d58_seed1317587706_svd,2026-02-20T23:45:34.482764,13.052353382110596
58,1317587706,knni td,0.729,0.239,d58_seed1317587706_svd,2026-02-20T23:45:34.482764,13.052353382110596
58,1317587706,knni mmr,0.688,0.154,d58_seed1317587706_svd,2026-02-20T23:45:34.482764,13.052353382110596
58,1317587706,svd,0.777,0.242,d58_seed1317587706_svd,2026-02-20T23:45:34.482764,13.052353382110596
58,1317587706,svd td,0.685,0.255,d58_seed1317587706_svd,2026-02-20T23:45:34.482764,13.052353382110596
58,1317587706,svd mmr,0.581,0.222,d58_seed1317587706_svd,2026-02-20T23:45:34.482764,13.052353382110596
58,1036723065,knnu,0.822,0.234,d58_seed1036723065_svd,2026-02-20T23:45:47.920517,13.374101638793945
58,1036723065,knnu td,0.601,0.236,d58_seed1036723065_svd,2026-02-20T23:45:47.920517,13.374101638793945
58,1036723065,knnu mmr,0.617,0.154,d58_seed1036723065_svd,2026-02-20T23:45:47.920517,13.374101638793945
58,1036723065,knni,0.767,0.241,d58_seed1036723065_svd,2026-02-20T23:45:47.920517,13.374101638793945
58,1036723065,knni td,0.729,0.239,d58_seed1036723065_svd,2026-02-20T23:45:47.920517,13.374101638793945
58,1036723065,knni mmr,0.685,0.154,d58_seed1036723065_svd,2026-02-20T23:45:47.920517,13.374101638793945
58,1036723065,svd,0.777,0.242,d58_seed1036723065_svd,2026-02-20T23:45:47.920517,13.374101638793945
58,1036723065,svd td,0.685,0.255,d58_seed1036723065_svd,2026-02-20T23:45:47.920517,13.374101638793945
58,1036723065,svd mmr,0.58,0.221,d58_seed1036723065_svd,2026-02-20T23:45:47.920517,13.374101638793945
58,423235947,knnu,0.822,0.234,d58_seed423235947_svd,2026-02-20T23:46:00.925432,13.001914501190186
58,423235947,knnu td,0.601,0.236,d58_seed423235947_svd,2026-02-20T23:46:00.925432,13.001914501190186
58,423235947,knnu mmr,0.63,0.155,d58_seed423235947_svd,2026-02-20T23:46:00.925432,13.001914501190186
58,423235947,knni,0.767,0.241,d58_seed423235947_svd,2026-02-20T23:46:00.925432,13.001914501190186
58,423235947,knni td,0.729,0.239,d58_seed423235947_svd,2026-02-20T23:46:00.925432,13.001914501190186
58,423235947,knni mmr,0.686,0.154,d58_seed423235947_svd,2026-02-20T23:46:00.925432,13.001914501190186
58,423235947,svd,0.777,0.242,d58_seed423235947_svd,2026-02-20T23:46:00.925432,13.001914501190186
58,423235947,svd td,0.685,0.255,d58_seed423235947_svd,2026-02-20T23:46:00.925432,13.001914501190186
58,423235947,svd mmr,0.58,0.222,d58_seed423235947_svd,2026-02-20T23:46:00.925432,13.001914501190186
58,677482947,knnu,0.822,0.234,d58_seed677482947_svd,2026-02-20T23:46:13.626255,12.687049865722656
58,677482947,knnu td,0.601,0.236,d58_seed677482947_svd,2026-02-20T23:46:13.626255,12.687049865722656
58,677482947,knnu mmr,0.63,0.155,d58_seed677482947_svd,2026-02-20T23:46:13.626255,12.687049865722656
58,677482947,knni,0.767,0.241,d58_seed677482947_svd,2026-02-20T23:46:13.626255,12.687049865722656
58,677482947,knni td,0.729,0.239,d58_seed677482947_svd,2026-02-20T23:46:13.626255,12.687049865722656
58,677482947,knni mmr,0.681,0.154,d58_seed677482947_svd,2026-02-20T23:46:13.626255,12.687049865722656
58,677482947,svd,0.777,0.242,d58_seed677482947_svd,2026-02-20T23:46:13.626255,12.687049865722656
58,677482947,svd td,0.685,0.255,d58_seed677482947_svd,2026-02-20T23:46:13.626255,12.687049865722656
58,677482947,svd mmr,0.58,0.222,d58_seed677482947_svd,2026-02-20T23:46:13.626255,12.687049865722656
58,1492746576,knnu,0.822,0.234,d58_seed1492746576_svd,2026-02-20T23:46:26.538177,12.911046028137207
58,1492746576,knnu td,0.601,0.236,d58_seed1492746576_svd,2026-02-20T23:46:26.538177,12.911046028137207
58,1492746576,knnu mmr,0.615,0.155,d58_seed1492746576_svd,2026-02-20T23:46:26.538177,12.911046028137207
58,1492746576,knni,0.767,0.241,d58_seed1492746576_svd,2026-02-20T23:46:26.538177,12.911046028137207
58,1492746576,knni td,0.729,0.239,d58_seed1492746576_svd,2026-02-20T23:46:26.538177,12.911046028137207
58,1492746576,knni mmr,0.685,0.154,d58_seed1492746576_svd,2026-02-20T23:46:26.538177,12.911046028137207
58,1492746576,svd,0.777,0.242,d58_seed1492746576_svd,2026-02-20T23:46:26.538177,12.911046028137207
58,1492746576,svd td,0.685,0.255,d58_seed1492746576_svd,2026-02-20T23:46:26.538177,12.911046028137207
58,1492746576,svd mmr,0.58,0.222,d58_seed1492746576_svd,2026-02-20T23:46:26.538177,12.911046028137207
58,239209755,knnu,0.822,0.234,d58_seed239209755_svd,2026-02-20T23:46:39.799625,13.26526403427124
58,239209755,knnu td,0.601,0.236,d58_seed239209755_svd,2026-02-20T23:46:39.799625,13.26526403427124
58,239209755,knnu mmr,0.622,0.154,d58_seed239209755_svd,2026-02-20T23:46:39.799625,13.26526403427124
58,239209755,knni,0.767,0.241,d58_seed239209755_svd,2026-02-20T23:46:39.799625,13.26526403427124
58,239209755,knni td,0.729,0.239,d58_seed239209755_svd,2026-02-20T23:46:39.799625,13.26526403427124
58,239209755,knni mmr,0.684,0.153,d58_seed239209755_svd,2026-02-20T23:46:39.799625,13.26526403427124
58,239209755,svd,0.777,0.242,d58_seed239209755_svd,2026-02-20T23:46:39.799625,13.26526403427124
58,239209755,svd td,0.685,0.255,d58_seed239209755_svd,2026-02-20T23:46:39.799625,13.26526403427124
58,239209755,svd mmr,0.581,0.222,d58_seed239209755_svd,2026-02-20T23:46:39.799625,13.26526403427124
58,637016530,knnu,0.822,0.234,d58_seed637016530_svd,2026-02-20T23:46:53.179321,13.305706977844238
58,637016530,knnu td,0.601,0.236,d58_seed637016530_svd,2026-02-20T23:46:53.179321,13.305706977844238
58,637016530,knnu mmr,0.618,0.154,d58_seed637016530_svd,2026-02-20T23:46:53.179321,13.305706977844238
58,637016530,knni,0.767,0.241,d58_seed637016530_svd,2026-02-20T23:46:53.179321,13.305706977844238
58,637016530,knni td,0.729,0.239,d58_seed637016530_svd,2026-02-20T23:46:53.179321,13.305706977844238
58,637016530,knni mmr,0.682,0.154,d58_seed637016530_svd,2026-02-20T23:46:53.179321,13.305706977844238
58,637016530,svd,0.777,0.242,d58_seed637016530_svd,2026-02-20T23:46:53.179321,13.305706977844238
58,637016530,svd td,0.685,0.255,d58_seed637016530_svd,2026-02-20T23:46:53.179321,13.305706977844238
58,637016530,svd mmr,0.58,0.222,d58_seed637016530_svd,2026-02-20T23:46:53.179321,13.305706977844238
58,835817041,knnu,0.822,0.234,d58_seed835817041_svd,2026-02-20T23:47:06.126405,12.93847942352295
58,835817041,knnu td,0.601,0.236,d58_seed835817041_svd,2026-02-20T23:47:06.126405,12.93847942352295
58,835817041,knnu mmr,0.638,0.155,d58_seed835817041_svd,2026-02-20T23:47:06.126405,12.93847942352295
58,835817041,knni,0.767,0.241,d58_seed835817041_svd,2026-02-20T23:47:06.126405,12.93847942352295
58,835817041,knni td,0.729,0.239,d58_seed835817041_svd,2026-02-20T23:47:06.126405,12.93847942352295
58,835817041,knni mmr,0.682,0.153,d58_seed835817041_svd,2026-02-20T23:47:06.126405,12.93847942352295
58,835817041,svd,0.777,0.242,d58_seed835817041_svd,2026-02-20T23:47:06.126405,12.93847942352295
58,835817041,svd td,0.685,0.255,d58_seed835817041_svd,2026-02-20T23:47:06.126405,12.93847942352295
58,835817041,svd mmr,0.58,0.222,d58_seed835817041_svd,2026-02-20T23:47:06.126405,12.93847942352295
58,719958201,knnu,0.822,0.234,d58_seed719958201_svd,2026-02-20T23:47:19.087556,12.959745407104492
58,719958201,knnu td,0.601,0.236,d58_seed719958201_svd,2026-02-20T23:47:19.087556,12.959745407104492
58,719958201,knnu mmr,0.619,0.154,d58_seed719958201_svd,2026-02-20T23:47:19.087556,12.959745407104492
58,719958201,knni,0.767,0.241,d58_seed719958201_svd,2026-02-20T23:47:19.087556,12.959745407104492
58,719958201,knni td,0.729,0.239,d58_seed719958201_svd,2026-02-20T23:47:19.087556,12.959745407104492
58,719958201,knni mmr,0.682,0.154,d58_seed719958201_svd,2026-02-20T23:47:19.087556,12.959745407104492
58,719958201,svd,0.777,0.242,d58_seed719958201_svd,2026-02-20T23:47:19.087556,12.959745407104492
58,719958201,svd td,0.685,0.255,d58_seed719958201_svd,2026-02-20T23:47:19.087556,12.959745407104492
58,719958201,svd mmr,0.58,0.222,d58_seed719958201_svd,2026-02-20T23:47:19.087556,12.959745407104492
58,2004394224,knnu,0.822,0.234,d58_seed2004394224_svd,2026-02-20T23:47:32.198731,13.105586528778076
58,2004394224,knnu td,0.601,0.236,d58_seed2004394224_svd,2026-02-20T23:47:32.198731,13.105586528778076
58,2004394224,knnu mmr,0.63,0.154,d58_seed2004394224_svd,2026-02-20T23:47:32.198731,13.105586528778076
58,2004394224,knni,0.767,0.241,d58_seed2004394224_svd,2026-02-20T23:47:32.198731,13.105586528778076
58,2004394224,knni td,0.729,0.239,d58_seed2004394224_svd,2026-02-20T23:47:32.198731,13.105586528778076
58,2004394224,knni mmr,0.68,0.153,d58_seed2004394224_svd,2026-02-20T23:47:32.198731,13.105586528778076
58,2004394224,svd,0.777,0.242,d58_seed2004394224_svd,2026-02-20T23:47:32.198731,13.105586528778076
58,2004394224,svd td,0.685,0.255,d58_seed2004394224_svd,2026-02-20T23:47:32.198731,13.105586528778076
58,2004394224,svd mmr,0.581,0.222,d58_seed2004394224_svd,2026-02-20T23:47:32.198731,13.105586528778076
58,1047637579,knnu,0.822,0.234,d58_seed1047637579_svd,2026-02-20T23:47:45.222280,13.014553546905518
58,1047637579,knnu td,0.601,0.236,d58_seed1047637579_svd,2026-02-20T23:47:45.222280,13.014553546905518
58,1047637579,knnu mmr,0.62,0.154,d58_seed1047637579_svd,2026-02-20T23:47:45.222280,13.014553546905518
58,1047637579,knni,0.767,0.241,d58_seed1047637579_svd,2026-02-20T23:47:45.222280,13.014553546905518
58,1047637579,knni td,0.729,0.239,d58_seed1047637579_svd,2026-02-20T23:47:45.222280,13.014553546905518
58,1047637579,knni mmr,0.689,0.154,d58_seed1047637579_svd,2026-02-20T23:47:45.222280,13.014553546905518
58,1047637579,svd,0.777,0.242,d58_seed1047637579_svd,2026-02-20T23:47:45.222280,13.014553546905518
58,1047637579,svd td,0.685,0.255,d58_seed1047637579_svd,2026-02-20T23:47:45.222280,13.014553546905518
58,1047637579,svd mmr,0.581,0.222,d58_seed1047637579_svd,2026-02-20T23:47:45.222280,13.014553546905518
63,358056291,knnu,0.822,0.234,d63_seed358056291_svd,2026-02-20T23:47:58.665802,13.384093523025513
63,358056291,knnu td,0.601,0.236,d63_seed358056291_svd,2026-02-20T23:47:58.665802,13.384093523025513
63,358056291,knnu mmr,0.639,0.152,d63_seed358056291_svd,2026-02-20T23:47:58.665802,13.384093523025513
63,358056291,knni,0.767,0.241,d63_seed358056291_svd,2026-02-20T23:47:58.665802,13.384093523025513
63,358056291,knni td,0.729,0.239,d63_seed358056291_svd,2026-02-20T23:47:58.665802,13.384093523025513
63,358056291,knni mmr,0.689,0.153,d63_seed358056291_svd,2026-02-20T23:47:58.665802,13.384093523025513
63,358056291,svd,0.777,0.242,d63_seed358056291_svd,2026-02-20T23:47:58.665802,13.384093523025513
63,358056291,svd td,0.685,0.255,d63_seed358056291_svd,2026-02-20T23:47:58.665802,13.384093523025513
63,358056291,svd mmr,0.58,0.221,d63_seed358056291_svd,2026-02-20T23:47:58.665802,13.384093523025513
63,1576296115,knnu,0.822,0.234,d63_seed1576296115_svd,2026-02-20T23:48:11.461920,12.780123949050903
63,1576296115,knnu td,0.601,0.236,d63_seed1576296115_svd,2026-02-20T23:48:11.461920,12.780123949050903
63,1576296115,knnu mmr,0.639,0.152,d63_seed1576296115_svd,2026-02-20T23:48:11.461920,12.780123949050903
63,1576296115,knni,0.767,0.241,d63_seed1576296115_svd,2026-02-20T23:48:11.461920,12.780123949050903
63,1576296115,knni td,0.729,0.239,d63_seed1576296115_svd,2026-02-20T23:48:11.461920,12.780123949050903
63,1576296115,knni mmr,0.689,0.153,d63_seed1576296115_svd,2026-02-20T23:48:11.461920,12.780123949050903
63,1576296115,svd,0.777,0.242,d63_seed1576296115_svd,2026-02-20T23:48:11.461920,12.780123949050903
63,1576296115,svd td,0.685,0.255,d63_seed1576296115_svd,2026-02-20T23:48:11.461920,12.780123949050903
63,1576296115,svd mmr,0.58,0.221,d63_seed1576296115_svd,2026-02-20T23:48:11.461920,12.780123949050903
63,1631363395,knnu,0.822,0.234,d63_seed1631363395_svd,2026-02-20T23:48:24.503518,13.022506952285767
63,1631363395,knnu td,0.601,0.236,d63_seed1631363395_svd,2026-02-20T23:48:24.503518,13.022506952285767
63,1631363395,knnu mmr,0.644,0.152,d63_seed1631363395_svd,2026-02-20T23:48:24.503518,13.022506952285767
63,1631363395,knni,0.767,0.241,d63_seed1631363395_svd,2026-02-20T23:48:24.503518,13.022506952285767
63,1631363395,knni td,0.729,0.239,d63_seed1631363395_svd,2026-02-20T23:48:24.503518,13.022506952285767
63,1631363395,knni mmr,0.689,0.153,d63_seed1631363395_svd,2026-02-20T23:48:24.503518,13.022506952285767
63,1631363395,svd,0.777,0.242,d63_seed1631363395_svd,2026-02-20T23:48:24.503518,13.022506952285767
63,1631363395,svd td,0.685,0.255,d63_seed1631363395_svd,2026-02-20T23:48:24.503518,13.022506952285767
63,1631363395,svd mmr,0.58,0.222,d63_seed1631363395_svd,2026-02-20T23:48:24.503518,13.022506952285767
63,169153558,knnu,0.822,0.234,d63_seed169153558_svd,2026-02-20T23:48:37.489204,12.985685348510742
63,169153558,knnu td,0.601,0.236,d63_seed169153558_svd,2026-02-20T23:48:37.489204,12.985685348510742
63,169153558,knnu mmr,0.639,0.152,d63_seed169153558_svd,2026-02-20T23:48:37.489204,12.985685348510742
63,169153558,knni,0.767,0.241,d63_seed169153558_svd,2026-02-20T23:48:37.489204,12.985685348510742
63,169153558,knni td,0.729,0.239,d63_seed169153558_svd,2026-02-20T23:48:37.489204,12.985685348510742
63,169153558,knni mmr,0.689,0.153,d63_seed169153558_svd,2026-02-20T23:48:37.489204,12.985685348510742
63,169153558,svd,0.777,0.242,d63_seed169153558_svd,2026-02-20T23:48:37.489204,12.985685348510742
63,169153558,svd td,0.685,0.255,d63_seed169153558_svd,2026-02-20T23:48:37.489204,12.985685348510742
63,169153558,svd mmr,0.58,0.221,d63_seed169153558_svd,2026-02-20T23:48:37.489204,12.985685348510742
63,690066093,knnu,0.822,0.234,d63_seed690066093_svd,2026-02-20T23:48:50.266647,12.777443170547485
63,690066093,knnu td,0.601,0.236,d63_seed690066093_svd,2026-02-20T23:48:50.266647,12.777443170547485
63,690066093,knnu mmr,0.637,0.152,d63_seed690066093_svd,2026-02-20T23:48:50.266647,12.777443170547485
63,690066093,knni,0.767,0.241,d63_seed690066093_svd,2026-02-20T23:48:50.266647,12.777443170547485
63,690066093,knni td,0.729,0.239,d63_seed690066093_svd,2026-02-20T23:48:50.266647,12.777443170547485
63,690066093,knni mmr,0.689,0.153,d63_seed690066093_svd,2026-02-20T23:48:50.266647,12.777443170547485
63,690066093,svd,0.777,0.242,d63_seed690066093_svd,2026-02-20T23:48:50.266647,12.777443170547485
63,690066093,svd td,0.685,0.255,d63_seed690066093_svd,2026-02-20T23:48:50.266647,12.777443170547485
63,690066093,svd mmr,0.58,0.221,d63_seed690066093_svd,2026-02-20T23:48:50.266647,12.777443170547485
63,1098655442,knnu,0.822,0.234,d63_seed1098655442_svd,2026-02-20T23:49:03.538685,13.194642782211304
63,1098655442,knnu td,0.601,0.236,d63_seed1098655442_svd,2026-02-20T23:49:03.538685,13.194642782211304
63,1098655442,knnu mmr,0.638,0.152,d63_seed1098655442_svd,2026-02-20T23:49:03.538685,13.194642782211304
63,1098655442,knni,0.767,0.241,d63_seed1098655442_svd,2026-02-20T23:49:03.538685,13.194642782211304
63,1098655442,knni td,0.729,0.239,d63_seed1098655442_svd,2026-02-20T23:49:03.538685,13.194642782211304
63,1098655442,knni mmr,0.689,0.153,d63_seed1098655442_svd,2026-02-20T23:49:03.538685,13.194642782211304
63,1098655442,svd,0.777,0.242,d63_seed1098655442_svd,2026-02-20T23:49:03.538685,13.194642782211304
63,1098655442,svd td,0.685,0.255,d63_seed1098655442_svd,2026-02-20T23:49:03.538685,13.194642782211304
63,1098655442,svd mmr,0.58,0.221,d63_seed1098655442_svd,2026-02-20T23:49:03.538685,13.194642782211304
63,633259162,knnu,0.822,0.234,d63_seed633259162_svd,2026-02-20T23:49:16.679303,13.123215913772583
63,633259162,knnu td,0.601,0.236,d63_seed633259162_svd,2026-02-20T23:49:16.679303,13.123215913772583
63,633259162,knnu mmr,0.639,0.152,d63_seed633259162_svd,2026-02-20T23:49:16.679303,13.123215913772583
63,633259162,knni,0.767,0.241,d63_seed633259162_svd,2026-02-20T23:49:16.679303,13.123215913772583
63,633259162,knni td,0.729,0.239,d63_seed633259162_svd,2026-02-20T23:49:16.679303,13.123215913772583
63,633259162,knni mmr,0.689,0.153,d63_seed633259162_svd,2026-02-20T23:49:16.679303,13.123215913772583
63,633259162,svd,0.777,0.242,d63_seed633259162_svd,2026-02-20T23:49:16.679303,13.123215913772583
63,633259162,svd td,0.685,0.255,d63_seed633259162_svd,2026-02-20T23:49:16.679303,13.123215913772583
63,633259162,svd mmr,0.58,0.221,d63_seed633259162_svd,2026-02-20T23:49:16.679303,13.123215913772583
63,2047321531,knnu,0.822,0.234,d63_seed2047321531_svd,2026-02-20T23:49:30.366214,13.670413255691528
63,2047321531,knnu td,0.601,0.236,d63_seed2047321531_svd,2026-02-20T23:49:30.366214,13.670413255691528
63,2047321531,knnu mmr,0.636,0.152,d63_seed2047321531_svd,2026-02-20T23:49:30.366214,13.670413255691528
63,2047321531,knni,0.767,0.241,d63_seed2047321531_svd,2026-02-20T23:49:30.366214,13.670413255691528
63,2047321531,knni td,0.729,0.239,d63_seed2047321531_svd,2026-02-20T23:49:30.366214,13.670413255691528
63,2047321531,knni mmr,0.689,0.153,d63_seed2047321531_svd,2026-02-20T23:49:30.366214,13.670413255691528
63,2047321531,svd,0.777,0.242,d63_seed2047321531_svd,2026-02-20T23:49:30.366214,13.670413255691528
63,2047321531,svd td,0.685,0.255,d63_seed2047321531_svd,2026-02-20T23:49:30.366214,13.670413255691528
63,2047321531,svd mmr,0.58,0.221,d63_seed2047321531_svd,2026-02-20T23:49:30.366214,13.670413255691528
63,527024918,knnu,0.822,0.234,d63_seed527024918_svd,2026-02-20T23:49:43.538487,13.161599397659302
63,527024918,knnu td,0.601,0.236,d63_seed527024918_svd,2026-02-20T23:49:43.538487,13.161599397659302
63,527024918,knnu mmr,0.638,0.152,d63_seed527024918_svd,2026-02-20T23:49:43.538487,13.161599397659302
63,527024918,knni,0.767,0.241,d63_seed527024918_svd,2026-02-20T23:49:43.538487,13.161599397659302
63,527024918,knni td,0.729,0.239,d63_seed527024918_svd,2026-02-20T23:49:43.538487,13.161599397659302
63,527024918,knni mmr,0.689,0.152,d63_seed527024918_svd,2026-02-20T23:49:43.538487,13.161599397659302
63,527024918,svd,0.777,0.242,d63_seed527024918_svd,2026-02-20T23:49:43.538487,13.161599397659302
63,527024918,svd td,0.685,0.255,d63_seed527024918_svd,2026-02-20T23:49:43.538487,13.161599397659302
63,527024918,svd mmr,0.58,0.221,d63_seed527024918_svd,2026-02-20T23:49:43.538487,13.161599397659302
63,1317587706,knnu,0.822,0.234,d63_seed1317587706_svd,2026-02-20T23:49:55.671241,12.119239568710327
63,1317587706,knnu td,0.601,0.236,d63_seed1317587706_svd,2026-02-20T23:49:55.671241,12.119239568710327
63,1317587706,knnu mmr,0.638,0.152,d63_seed1317587706_svd,2026-02-20T23:49:55.671241,12.119239568710327
63,1317587706,knni,0.767,0.241,d63_seed1317587706_svd,2026-02-20T23:49:55.671241,12.119239568710327
63,1317587706,knni td,0.729,0.239,d63_seed1317587706_svd,2026-02-20T23:49:55.671241,12.119239568710327
63,1317587706,knni mmr,0.689,0.153,d63_seed1317587706_svd,2026-02-20T23:49:55.671241,12.119239568710327
63,1317587706,svd,0.777,0.242,d63_seed1317587706_svd,2026-02-20T23:49:55.671241,12.119239568710327
63,1317587706,svd td,0.685,0.255,d63_seed1317587706_svd,2026-02-20T23:49:55.671241,12.119239568710327
63,1317587706,svd mmr,0.58,0.221,d63_seed1317587706_svd,2026-02-20T23:49:55.671241,12.119239568710327
63,1036723065,knnu,0.822,0.234,d63_seed1036723065_svd,2026-02-20T23:50:05.868017,10.168022155761719
63,1036723065,knnu td,0.601,0.236,d63_seed1036723065_svd,2026-02-20T23:50:05.868017,10.168022155761719
63,1036723065,knnu mmr,0.639,0.152,d63_seed1036723065_svd,2026-02-20T23:50:05.868017,10.168022155761719
63,1036723065,knni,0.767,0.241,d63_seed1036723065_svd,2026-02-20T23:50:05.868017,10.168022155761719
63,1036723065,knni td,0.729,0.239,d63_seed1036723065_svd,2026-02-20T23:50:05.868017,10.168022155761719
63,1036723065,knni mmr,0.689,0.153,d63_seed1036723065_svd,2026-02-20T23:50:05.868017,10.168022155761719
63,1036723065,svd,0.777,0.242,d63_seed1036723065_svd,2026-02-20T23:50:05.868017,10.168022155761719
63,1036723065,svd td,0.685,0.255,d63_seed1036723065_svd,2026-02-20T23:50:05.868017,10.168022155761719
63,1036723065,svd mmr,0.58,0.221,d63_seed1036723065_svd,2026-02-20T23:50:05.868017,10.168022155761719
63,423235947,knnu,0.822,0.234,d63_seed423235947_svd,2026-02-20T23:50:16.031192,10.16017746925354
63,423235947,knnu td,0.601,0.236,d63_seed423235947_svd,2026-02-20T23:50:16.031192,10.16017746925354
63,423235947,knnu mmr,0.644,0.152,d63_seed423235947_svd,2026-02-20T23:50:16.031192,10.16017746925354
63,423235947,knni,0.767,0.241,d63_seed423235947_svd,2026-02-20T23:50:16.031192,10.16017746925354
63,423235947,knni td,0.729,0.239,d63_seed423235947_svd,2026-02-20T23:50:16.031192,10.16017746925354
63,423235947,knni mmr,0.689,0.153,d63_seed423235947_svd,2026-02-20T23:50:16.031192,10.16017746925354
63,423235947,svd,0.777,0.242,d63_seed423235947_svd,2026-02-20T23:50:16.031192,10.16017746925354
63,423235947,svd td,0.685,0.255,d63_seed423235947_svd,2026-02-20T23:50:16.031192,10.16017746925354
63,423235947,svd mmr,0.58,0.221,d63_seed423235947_svd,2026-02-20T23:50:16.031192,10.16017746925354
63,677482947,knnu,0.822,0.234,d63_seed677482947_svd,2026-02-20T23:50:26.091972,10.05944037437439
63,677482947,knnu td,0.601,0.236,d63_seed677482947_svd,2026-02-20T23:50:26.091972,10.05944037437439
63,677482947,knnu mmr,0.636,0.152,d63_seed677482947_svd,2026-02-20T23:50:26.091972,10.05944037437439
63,677482947,knni,0.767,0.241,d63_seed677482947_svd,2026-02-20T23:50:26.091972,10.05944037437439
63,677482947,knni td,0.729,0.239,d63_seed677482947_svd,2026-02-20T23:50:26.091972,10.05944037437439
63,677482947,knni mmr,0.689,0.153,d63_seed677482947_svd,2026-02-20T23:50:26.091972,10.05944037437439
63,677482947,svd,0.777,0.242,d63_seed677482947_svd,2026-02-20T23:50:26.091972,10.05944037437439
63,677482947,svd td,0.685,0.255,d63_seed677482947_svd,2026-02-20T23:50:26.091972,10.05944037437439
63,677482947,svd mmr,0.58,0.221,d63_seed677482947_svd,2026-02-20T23:50:26.091972,10.05944037437439
63,1492746576,knnu,0.822,0.234,d63_seed1492746576_svd,2026-02-20T23:50:36.143042,10.047966480255127
63,1492746576,knnu td,0.601,0.236,d63_seed1492746576_svd,2026-02-20T23:50:36.143042,10.047966480255127
63,1492746576,knnu mmr,0.638,0.152,d63_seed1492746576_svd,2026-02-20T23:50:36.143042,10.047966480255127
63,1492746576,knni,0.767,0.241,d63_seed1492746576_svd,2026-02-20T23:50:36.143042,10.047966480255127
63,1492746576,knni td,0.729,0.239,d63_seed1492746576_svd,2026-02-20T23:50:36.143042,10.047966480255127
63,1492746576,knni mmr,0.689,0.153,d63_seed1492746576_svd,2026-02-20T23:50:36.143042,10.047966480255127
63,1492746576,svd,0.777,0.242,d63_seed1492746576_svd,2026-02-20T23:50:36.143042,10.047966480255127
63,1492746576,svd td,0.685,0.255,d63_seed1492746576_svd,2026-02-20T23:50:36.143042,10.047966480255127
63,1492746576,svd mmr,0.58,0.221,d63_seed1492746576_svd,2026-02-20T23:50:36.143042,10.047966480255127
63,239209755,knnu,0.822,0.234,d63_seed239209755_svd,2026-02-20T23:50:46.486645,10.343066930770874
63,239209755,knnu td,0.601,0.236,d63_seed239209755_svd,2026-02-20T23:50:46.486645,10.343066930770874
63,239209755,knnu mmr,0.641,0.152,d63_seed239209755_svd,2026-02-20T23:50:46.486645,10.343066930770874
63,239209755,knni,0.767,0.241,d63_seed239209755_svd,2026-02-20T23:50:46.486645,10.343066930770874
63,239209755,knni td,0.729,0.239,d63_seed239209755_svd,2026-02-20T23:50:46.486645,10.343066930770874
63,239209755,knni mmr,0.689,0.153,d63_seed239209755_svd,2026-02-20T23:50:46.486645,10.343066930770874
63,239209755,svd,0.777,0.242,d63_seed239209755_svd,2026-02-20T23:50:46.486645,10.343066930770874
63,239209755,svd td,0.685,0.255,d63_seed239209755_svd,2026-02-20T23:50:46.486645,10.343066930770874
63,239209755,svd mmr,0.58,0.221,d63_seed239209755_svd,2026-02-20T23:50:46.486645,10.343066930770874
63,637016530,knnu,0.822,0.234,d63_seed637016530_svd,2026-02-20T23:50:56.483681,9.969364404678345
63,637016530,knnu td,0.601,0.236,d63_seed637016530_svd,2026-02-20T23:50:56.483681,9.969364404678345
63,637016530,knnu mmr,0.639,0.152,d63_seed637016530_svd,2026-02-20T23:50:56.483681,9.969364404678345
63,637016530,knni,0.767,0.241,d63_seed637016530_svd,2026-02-20T23:50:56.483681,9.969364404678345
63,637016530,knni td,0.729,0.239,d63_seed637016530_svd,2026-02-20T23:50:56.483681,9.969364404678345
63,637016530,knni mmr,0.689,0.153,d63_seed637016530_svd,2026-02-20T23:50:56.483681,9.969364404678345
63,637016530,svd,0.777,0.242,d63_seed637016530_svd,2026-02-20T23:50:56.483681,9.969364404678345
63,637016530,svd td,0.685,0.255,d63_seed637016530_svd,2026-02-20T23:50:56.483681,9.969364404678345
63,637016530,svd mmr,0.58,0.221,d63_seed637016530_svd,2026-02-20T23:50:56.483681,9.969364404678345
63,835817041,knnu,0.822,0.234,d63_seed835817041_svd,2026-02-20T23:51:06.410925,9.9257652759552
63,835817041,knnu td,0.601,0.236,d63_seed835817041_svd,2026-02-20T23:51:06.410925,9.9257652759552
63,835817041,knnu mmr,0.639,0.152,d63_seed835817041_svd,2026-02-20T23:51:06.410925,9.9257652759552
63,835817041,knni,0.767,0.241,d63_seed835817041_svd,2026-02-20T23:51:06.410925,9.9257652759552
63,835817041,knni td,0.729,0.239,d63_seed835817041_svd,2026-02-20T23:51:06.410925,9.9257652759552
63,835817041,knni mmr,0.689,0.153,d63_seed835817041_svd,2026-02-20T23:51:06.410925,9.9257652759552
63,835817041,svd,0.777,0.242,d63_seed835817041_svd,2026-02-20T23:51:06.410925,9.9257652759552
63,835817041,svd td,0.685,0.255,d63_seed835817041_svd,2026-02-20T23:51:06.410925,9.9257652759552
63,835817041,svd mmr,0.58,0.221,d63_seed835817041_svd,2026-02-20T23:51:06.410925,9.9257652759552
63,719958201,knnu,0.822,0.234,d63_seed719958201_svd,2026-02-20T23:51:16.316423,9.906497240066528
63,719958201,knnu td,0.601,0.236,d63_seed719958201_svd,2026-02-20T23:51:16.316423,9.906497240066528
63,719958201,knnu mmr,0.636,0.152,d63_seed719958201_svd,2026-02-20T23:51:16.316423,9.906497240066528
63,719958201,knni,0.767,0.241,d63_seed719958201_svd,2026-02-20T23:51:16.316423,9.906497240066528
63,719958201,knni td,0.729,0.239,d63_seed719958201_svd,2026-02-20T23:51:16.316423,9.906497240066528
63,719958201,knni mmr,0.689,0.153,d63_seed719958201_svd,2026-02-20T23:51:16.316423,9.906497240066528
63,719958201,svd,0.777,0.242,d63_seed719958201_svd,2026-02-20T23:51:16.316423,9.906497240066528
63,719958201,svd td,0.685,0.255,d63_seed719958201_svd,2026-02-20T23:51:16.316423,9.906497240066528
63,719958201,svd mmr,0.58,0.221,d63_seed719958201_svd,2026-02-20T23:51:16.316423,9.906497240066528
63,2004394224,knnu,0.822,0.234,d63_seed2004394224_svd,2026-02-20T23:51:26.225626,9.906199216842651
63,2004394224,knnu td,0.601,0.236,d63_seed2004394224_svd,2026-02-20T23:51:26.225626,9.906199216842651
63,2004394224,knnu mmr,0.638,0.152,d63_seed2004394224_svd,2026-02-20T23:51:26.225626,9.906199216842651
63,2004394224,knni,0.767,0.241,d63_seed2004394224_svd,2026-02-20T23:51:26.225626,9.906199216842651
63,2004394224,knni td,0.729,0.239,d63_seed2004394224_svd,2026-02-20T23:51:26.225626,9.906199216842651
63,2004394224,knni mmr,0.689,0.153,d63_seed2004394224_svd,2026-02-20T23:51:26.225626,9.906199216842651
63,2004394224,svd,0.777,0.242,d63_seed2004394224_svd,2026-02-20T23:51:26.225626,9.906199216842651
63,2004394224,svd td,0.685,0.255,d63_seed2004394224_svd,2026-02-20T23:51:26.225626,9.906199216842651
63,2004394224,svd mmr,0.58,0.221,d63_seed2004394224_svd,2026-02-20T23:51:26.225626,9.906199216842651
63,1047637579,knnu,0.822,0.234,d63_seed1047637579_svd,2026-02-20T23:51:36.045145,9.81452202796936
63,1047637579,knnu td,0.601,0.236,d63_seed1047637579_svd,2026-02-20T23:51:36.045145,9.81452202796936
63,1047637579,knnu mmr,0.636,0.152,d63_seed1047637579_svd,2026-02-20T23:51:36.045145,9.81452202796936
63,1047637579,knni,0.767,0.241,d63_seed1047637579_svd,2026-02-20T23:51:36.045145,9.81452202796936
63,1047637579,knni td,0.729,0.239,d63_seed1047637579_svd,2026-02-20T23:51:36.045145,9.81452202796936
63,1047637579,knni mmr,0.689,0.153,d63_seed1047637579_svd,2026-02-20T23:51:36.045145,9.81452202796936
63,1047637579,svd,0.777,0.242,d63_seed1047637579_svd,2026-02-20T23:51:36.045145,9.81452202796936
63,1047637579,svd td,0.685,0.255,d63_seed1047637579_svd,2026-02-20T23:51:36.045145,9.81452202796936
63,1047637579,svd mmr,0.58,0.221,d63_seed1047637579_svd,2026-02-20T23:51:36.045145,9.81452202796936
68,358056291,knnu,0.822,0.234,d68_seed358056291_svd,2026-02-20T23:51:46.109395,10.039543867111206
68,358056291,knnu td,0.601,0.236,d68_seed358056291_svd,2026-02-20T23:51:46.109395,10.039543867111206
68,358056291,knnu mmr,0.658,0.152,d68_seed358056291_svd,2026-02-20T23:51:46.109395,10.039543867111206
68,358056291,knni,0.767,0.241,d68_seed358056291_svd,2026-02-20T23:51:46.109395,10.039543867111206
68,358056291,knni td,0.729,0.239,d68_seed358056291_svd,2026-02-20T23:51:46.109395,10.039543867111206
68,358056291,knni mmr,0.679,0.153,d68_seed358056291_svd,2026-02-20T23:51:46.109395,10.039543867111206
68,358056291,svd,0.777,0.242,d68_seed358056291_svd,2026-02-20T23:51:46.109395,10.039543867111206
68,358056291,svd td,0.685,0.255,d68_seed358056291_svd,2026-02-20T23:51:46.109395,10.039543867111206
68,358056291,svd mmr,0.583,0.222,d68_seed358056291_svd,2026-02-20T23:51:46.109395,10.039543867111206
68,1576296115,knnu,0.822,0.234,d68_seed1576296115_svd,2026-02-20T23:51:56.147492,10.037063598632812
68,1576296115,knnu td,0.601,0.236,d68_seed1576296115_svd,2026-02-20T23:51:56.147492,10.037063598632812
68,1576296115,knnu mmr,0.658,0.152,d68_seed1576296115_svd,2026-02-20T23:51:56.147492,10.037063598632812
68,1576296115,knni,0.767,0.241,d68_seed1576296115_svd,2026-02-20T23:51:56.147492,10.037063598632812
68,1576296115,knni td,0.729,0.239,d68_seed1576296115_svd,2026-02-20T23:51:56.147492,10.037063598632812
68,1576296115,knni mmr,0.679,0.153,d68_seed1576296115_svd,2026-02-20T23:51:56.147492,10.037063598632812
68,1576296115,svd,0.777,0.242,d68_seed1576296115_svd,2026-02-20T23:51:56.147492,10.037063598632812
68,1576296115,svd td,0.685,0.255,d68_seed1576296115_svd,2026-02-20T23:51:56.147492,10.037063598632812
68,1576296115,svd mmr,0.583,0.222,d68_seed1576296115_svd,2026-02-20T23:51:56.147492,10.037063598632812
68,1631363395,knnu,0.822,0.234,d68_seed1631363395_svd,2026-02-20T23:52:06.175392,10.025304794311523
68,1631363395,knnu td,0.601,0.236,d68_seed1631363395_svd,2026-02-20T23:52:06.175392,10.025304794311523
68,1631363395,knnu mmr,0.658,0.152,d68_seed1631363395_svd,2026-02-20T23:52:06.175392,10.025304794311523
68,1631363395,knni,0.767,0.241,d68_seed1631363395_svd,2026-02-20T23:52:06.175392,10.025304794311523
68,1631363395,knni td,0.729,0.239,d68_seed1631363395_svd,2026-02-20T23:52:06.175392,10.025304794311523
68,1631363395,knni mmr,0.679,0.153,d68_seed1631363395_svd,2026-02-20T23:52:06.175392,10.025304794311523
68,1631363395,svd,0.777,0.242,d68_seed1631363395_svd,2026-02-20T23:52:06.175392,10.025304794311523
68,1631363395,svd td,0.685,0.255,d68_seed1631363395_svd,2026-02-20T23:52:06.175392,10.025304794311523
68,1631363395,svd mmr,0.583,0.222,d68_seed1631363395_svd,2026-02-20T23:52:06.175392,10.025304794311523
68,169153558,knnu,0.822,0.234,d68_seed169153558_svd,2026-02-20T23:52:16.045161,9.867096424102783
68,169153558,knnu td,0.601,0.236,d68_seed169153558_svd,2026-02-20T23:52:16.045161,9.867096424102783
68,169153558,knnu mmr,0.658,0.152,d68_seed169153558_svd,2026-02-20T23:52:16.045161,9.867096424102783
68,169153558,knni,0.767,0.241,d68_seed169153558_svd,2026-02-20T23:52:16.045161,9.867096424102783
68,169153558,knni td,0.729,0.239,d68_seed169153558_svd,2026-02-20T23:52:16.045161,9.867096424102783
68,169153558,knni mmr,0.679,0.153,d68_seed169153558_svd,2026-02-20T23:52:16.045161,9.867096424102783
68,169153558,svd,0.777,0.242,d68_seed169153558_svd,2026-02-20T23:52:16.045161,9.867096424102783
68,169153558,svd td,0.685,0.255,d68_seed169153558_svd,2026-02-20T23:52:16.045161,9.867096424102783
68,169153558,svd mmr,0.583,0.222,d68_seed169153558_svd,2026-02-20T23:52:16.045161,9.867096424102783
68,690066093,knnu,0.822,0.234,d68_seed690066093_svd,2026-02-20T23:52:25.974906,9.928719758987427
68,690066093,knnu td,0.601,0.236,d68_seed690066093_svd,2026-02-20T23:52:25.974906,9.928719758987427
68,690066093,knnu mmr,0.658,0.152,d68_seed690066093_svd,2026-02-20T23:52:25.974906,9.928719758987427
68,690066093,knni,0.767,0.241,d68_seed690066093_svd,2026-02-20T23:52:25.974906,9.928719758987427
68,690066093,knni td,0.729,0.239,d68_seed690066093_svd,2026-02-20T23:52:25.974906,9.928719758987427
68,690066093,knni mmr,0.679,0.153,d68_seed690066093_svd,2026-02-20T23:52:25.974906,9.928719758987427
68,690066093,svd,0.777,0.242,d68_seed690066093_svd,2026-02-20T23:52:25.974906,9.928719758987427
68,690066093,svd td,0.685,0.255,d68_seed690066093_svd,2026-02-20T23:52:25.974906,9.928719758987427
68,690066093,svd mmr,0.583,0.222,d68_seed690066093_svd,2026-02-20T23:52:25.974906,9.928719758987427
68,1098655442,knnu,0.822,0.234,d68_seed1098655442_svd,2026-02-20T23:52:35.998806,9.989724159240723
68,1098655442,knnu td,0.601,0.236,d68_seed1098655442_svd,2026-02-20T23:52:35.998806,9.989724159240723
68,1098655442,knnu mmr,0.658,0.152,d68_seed1098655442_svd,2026-02-20T23:52:35.998806,9.989724159240723
68,1098655442,knni,0.767,0.241,d68_seed1098655442_svd,2026-02-20T23:52:35.998806,9.989724159240723
68,1098655442,knni td,0.729,0.239,d68_seed1098655442_svd,2026-02-20T23:52:35.998806,9.989724159240723
68,1098655442,knni mmr,0.679,0.153,d68_seed1098655442_svd,2026-02-20T23:52:35.998806,9.989724159240723
68,1098655442,svd,0.777,0.242,d68_seed1098655442_svd,2026-02-20T23:52:35.998806,9.989724159240723
68,1098655442,svd td,0.685,0.255,d68_seed1098655442_svd,2026-02-20T23:52:35.998806,9.989724159240723
68,1098655442,svd mmr,0.583,0.222,d68_seed1098655442_svd,2026-02-20T23:52:35.998806,9.989724159240723
68,633259162,knnu,0.822,0.234,d68_seed633259162_svd,2026-02-20T23:52:45.989835,9.98383617401123
68,633259162,knnu td,0.601,0.236,d68_seed633259162_svd,2026-02-20T23:52:45.989835,9.98383617401123
68,633259162,knnu mmr,0.658,0.152,d68_seed633259162_svd,2026-02-20T23:52:45.989835,9.98383617401123
68,633259162,knni,0.767,0.241,d68_seed633259162_svd,2026-02-20T23:52:45.989835,9.98383617401123
68,633259162,knni td,0.729,0.239,d68_seed633259162_svd,2026-02-20T23:52:45.989835,9.98383617401123
68,633259162,knni mmr,0.679,0.153,d68_seed633259162_svd,2026-02-20T23:52:45.989835,9.98383617401123
68,633259162,svd,0.777,0.242,d68_seed633259162_svd,2026-02-20T23:52:45.989835,9.98383617401123
68,633259162,svd td,0.685,0.255,d68_seed633259162_svd,2026-02-20T23:52:45.989835,9.98383617401123
68,633259162,svd mmr,0.583,0.222,d68_seed633259162_svd,2026-02-20T23:52:45.989835,9.98383617401123
68,2047321531,knnu,0.822,0.234,d68_seed2047321531_svd,2026-02-20T23:52:55.905336,9.907649278640747
68,2047321531,knnu td,0.601,0.236,d68_seed2047321531_svd,2026-02-20T23:52:55.905336,9.907649278640747
68,2047321531,knnu mmr,0.658,0.152,d68_seed2047321531_svd,2026-02-20T23:52:55.905336,9.907649278640747
68,2047321531,knni,0.767,0.241,d68_seed2047321531_svd,2026-02-20T23:52:55.905336,9.907649278640747
68,2047321531,knni td,0.729,0.239,d68_seed2047321531_svd,2026-02-20T23:52:55.905336,9.907649278640747
68,2047321531,knni mmr,0.679,0.153,d68_seed2047321531_svd,2026-02-20T23:52:55.905336,9.907649278640747
68,2047321531,svd,0.777,0.242,d68_seed2047321531_svd,2026-02-20T23:52:55.905336,9.907649278640747
68,2047321531,svd td,0.685,0.255,d68_seed2047321531_svd,2026-02-20T23:52:55.905336,9.907649278640747
68,2047321531,svd mmr,0.583,0.222,d68_seed2047321531_svd,2026-02-20T23:52:55.905336,9.907649278640747
68,527024918,knnu,0.822,0.234,d68_seed527024918_svd,2026-02-20T23:53:05.921466,10.003542184829712
68,527024918,knnu td,0.601,0.236,d68_seed527024918_svd,2026-02-20T23:53:05.921466,10.003542184829712
68,527024918,knnu mmr,0.658,0.152,d68_seed527024918_svd,2026-02-20T23:53:05.921466,10.003542184829712
68,527024918,knni,0.767,0.241,d68_seed527024918_svd,2026-02-20T23:53:05.921466,10.003542184829712
68,527024918,knni td,0.729,0.239,d68_seed527024918_svd,2026-02-20T23:53:05.921466,10.003542184829712
68,527024918,knni mmr,0.679,0.153,d68_seed527024918_svd,2026-02-20T23:53:05.921466,10.003542184829712
68,527024918,svd,0.777,0.242,d68_seed527024918_svd,2026-02-20T23:53:05.921466,10.003542184829712
68,527024918,svd td,0.685,0.255,d68_seed527024918_svd,2026-02-20T23:53:05.921466,10.003542184829712
68,527024918,svd mmr,0.583,0.222,d68_seed527024918_svd,2026-02-20T23:53:05.921466,10.003542184829712
68,1317587706,knnu,0.822,0.234,d68_seed1317587706_svd,2026-02-20T23:53:15.809343,9.887876749038696
68,1317587706,knnu td,0.601,0.236,d68_seed1317587706_svd,2026-02-20T23:53:15.809343,9.887876749038696
68,1317587706,knnu mmr,0.658,0.152,d68_seed1317587706_svd,2026-02-20T23:53:15.809343,9.887876749038696
68,1317587706,knni,0.767,0.241,d68_seed1317587706_svd,2026-02-20T23:53:15.809343,9.887876749038696
68,1317587706,knni td,0.729,0.239,d68_seed1317587706_svd,2026-02-20T23:53:15.809343,9.887876749038696
68,1317587706,knni mmr,0.679,0.153,d68_seed1317587706_svd,2026-02-20T23:53:15.809343,9.887876749038696
68,1317587706,svd,0.777,0.242,d68_seed1317587706_svd,2026-02-20T23:53:15.809343,9.887876749038696
68,1317587706,svd td,0.685,0.255,d68_seed1317587706_svd,2026-02-20T23:53:15.809343,9.887876749038696
68,1317587706,svd mmr,0.583,0.222,d68_seed1317587706_svd,2026-02-20T23:53:15.809343,9.887876749038696
68,1036723065,knnu,0.822,0.234,d68_seed1036723065_svd,2026-02-20T23:53:25.768957,9.931559085845947
68,1036723065,knnu td,0.601,0.236,d68_seed1036723065_svd,2026-02-20T23:53:25.768957,9.931559085845947
68,1036723065,knnu mmr,0.658,0.152,d68_seed1036723065_svd,2026-02-20T23:53:25.768957,9.931559085845947
68,1036723065,knni,0.767,0.241,d68_seed1036723065_svd,2026-02-20T23:53:25.768957,9.931559085845947
68,1036723065,knni td,0.729,0.239,d68_seed1036723065_svd,2026-02-20T23:53:25.768957,9.931559085845947
68,1036723065,knni mmr,0.679,0.153,d68_seed1036723065_svd,2026-02-20T23:53:25.768957,9.931559085845947
68,1036723065,svd,0.777,0.242,d68_seed1036723065_svd,2026-02-20T23:53:25.768957,9.931559085845947
68,1036723065,svd td,0.685,0.255,d68_seed1036723065_svd,2026-02-20T23:53:25.768957,9.931559085845947
68,1036723065,svd mmr,0.583,0.222,d68_seed1036723065_svd,2026-02-20T23:53:25.768957,9.931559085845947
68,423235947,knnu,0.822,0.234,d68_seed423235947_svd,2026-02-20T23:53:35.675048,9.895854711532593
68,423235947,knnu td,0.601,0.236,d68_seed423235947_svd,2026-02-20T23:53:35.675048,9.895854711532593
68,423235947,knnu mmr,0.658,0.152,d68_seed423235947_svd,2026-02-20T23:53:35.675048,9.895854711532593
68,423235947,knni,0.767,0.241,d68_seed423235947_svd,2026-02-20T23:53:35.675048,9.895854711532593
68,423235947,knni td,0.729,0.239,d68_seed423235947_svd,2026-02-20T23:53:35.675048,9.895854711532593
68,423235947,knni mmr,0.679,0.153,d68_seed423235947_svd,2026-02-20T23:53:35.675048,9.895854711532593
68,423235947,svd,0.777,0.242,d68_seed423235947_svd,2026-02-20T23:53:35.675048,9.895854711532593
68,423235947,svd td,0.685,0.255,d68_seed423235947_svd,2026-02-20T23:53:35.675048,9.895854711532593
68,423235947,svd mmr,0.583,0.222,d68_seed423235947_svd,2026-02-20T23:53:35.675048,9.895854711532593
68,677482947,knnu,0.822,0.234,d68_seed677482947_svd,2026-02-20T23:53:45.648862,9.958881378173828
68,677482947,knnu td,0.601,0.236,d68_seed677482947_svd,2026-02-20T23:53:45.648862,9.958881378173828
68,677482947,knnu mmr,0.658,0.152,d68_seed677482947_svd,2026-02-20T23:53:45.648862,9.958881378173828
68,677482947,knni,0.767,0.241,d68_seed677482947_svd,2026-02-20T23:53:45.648862,9.958881378173828
68,677482947,knni td,0.729,0.239,d68_seed677482947_svd,2026-02-20T23:53:45.648862,9.958881378173828
68,677482947,knni mmr,0.679,0.153,d68_seed677482947_svd,2026-02-20T23:53:45.648862,9.958881378173828
68,677482947,svd,0.777,0.242,d68_seed677482947_svd,2026-02-20T23:53:45.648862,9.958881378173828
68,677482947,svd td,0.685,0.255,d68_seed677482947_svd,2026-02-20T23:53:45.648862,9.958881378173828
68,677482947,svd mmr,0.583,0.222,d68_seed677482947_svd,2026-02-20T23:53:45.648862,9.958881378173828
68,1492746576,knnu,0.822,0.234,d68_seed1492746576_svd,2026-02-20T23:53:55.530551,9.866665840148926
68,1492746576,knnu td,0.601,0.236,d68_seed1492746576_svd,2026-02-20T23:53:55.530551,9.866665840148926
68,1492746576,knnu mmr,0.658,0.152,d68_seed1492746576_svd,2026-02-20T23:53:55.530551,9.866665840148926
68,1492746576,knni,0.767,0.241,d68_seed1492746576_svd,2026-02-20T23:53:55.530551,9.866665840148926
68,1492746576,knni td,0.729,0.239,d68_seed1492746576_svd,2026-02-20T23:53:55.530551,9.866665840148926
68,1492746576,knni mmr,0.679,0.153,d68_seed1492746576_svd,2026-02-20T23:53:55.530551,9.866665840148926
68,1492746576,svd,0.777,0.242,d68_seed1492746576_svd,2026-02-20T23:53:55.530551,9.866665840148926
68,1492746576,svd td,0.685,0.255,d68_seed1492746576_svd,2026-02-20T23:53:55.530551,9.866665840148926
68,1492746576,svd mmr,0.583,0.222,d68_seed1492746576_svd,2026-02-20T23:53:55.530551,9.866665840148926
68,239209755,knnu,0.822,0.234,d68_seed239209755_svd,2026-02-20T23:54:05.360578,9.813986539840698
68,239209755,knnu td,0.601,0.236,d68_seed239209755_svd,2026-02-20T23:54:05.360578,9.813986539840698
68,239209755,knnu mmr,0.658,0.152,d68_seed239209755_svd,2026-02-20T23:54:05.360578,9.813986539840698
68,239209755,knni,0.767,0.241,d68_seed239209755_svd,2026-02-20T23:54:05.360578,9.813986539840698
68,239209755,knni td,0.729,0.239,d68_seed239209755_svd,2026-02-20T23:54:05.360578,9.813986539840698
68,239209755,knni mmr,0.679,0.153,d68_seed239209755_svd,2026-02-20T23:54:05.360578,9.813986539840698
68,239209755,svd,0.777,0.242,d68_seed239209755_svd,2026-02-20T23:54:05.360578,9.813986539840698
68,239209755,svd td,0.685,0.255,d68_seed239209755_svd,2026-02-20T23:54:05.360578,9.813986539840698
68,239209755,svd mmr,0.583,0.222,d68_seed239209755_svd,2026-02-20T23:54:05.360578,9.813986539840698
68,637016530,knnu,0.822,0.234,d68_seed637016530_svd,2026-02-20T23:54:15.411147,10.027903318405151
68,637016530,knnu td,0.601,0.236,d68_seed637016530_svd,2026-02-20T23:54:15.411147,10.027903318405151
68,637016530,knnu mmr,0.658,0.152,d68_seed637016530_svd,2026-02-20T23:54:15.411147,10.027903318405151
68,637016530,knni,0.767,0.241,d68_seed637016530_svd,2026-02-20T23:54:15.411147,10.027903318405151
68,637016530,knni td,0.729,0.239,d68_seed637016530_svd,2026-02-20T23:54:15.411147,10.027903318405151
68,637016530,knni mmr,0.679,0.153,d68_seed637016530_svd,2026-02-20T23:54:15.411147,10.027903318405151
68,637016530,svd,0.777,0.242,d68_seed637016530_svd,2026-02-20T23:54:15.411147,10.027903318405151
68,637016530,svd td,0.685,0.255,d68_seed637016530_svd,2026-02-20T23:54:15.411147,10.027903318405151
68,637016530,svd mmr,0.583,0.222,d68_seed637016530_svd,2026-02-20T23:54:15.411147,10.027903318405151
68,835817041,knnu,0.822,0.234,d68_seed835817041_svd,2026-02-20T23:54:25.130201,9.7104811668396
68,835817041,knnu td,0.601,0.236,d68_seed835817041_svd,2026-02-20T23:54:25.130201,9.7104811668396
68,835817041,knnu mmr,0.658,0.152,d68_seed835817041_svd,2026-02-20T23:54:25.130201,9.7104811668396
68,835817041,knni,0.767,0.241,d68_seed835817041_svd,2026-02-20T23:54:25.130201,9.7104811668396
68,835817041,knni td,0.729,0.239,d68_seed835817041_svd,2026-02-20T23:54:25.130201,9.7104811668396
68,835817041,knni mmr,0.679,0.153,d68_seed835817041_svd,2026-02-20T23:54:25.130201,9.7104811668396
68,835817041,svd,0.777,0.242,d68_seed835817041_svd,2026-02-20T23:54:25.130201,9.7104811668396
68,835817041,svd td,0.685,0.255,d68_seed835817041_svd,2026-02-20T23:54:25.130201,9.7104811668396
68,835817041,svd mmr,0.583,0.222,d68_seed835817041_svd,2026-02-20T23:54:25.130201,9.7104811668396
68,719958201,knnu,0.822,0.234,d68_seed719958201_svd,2026-02-20T23:54:34.903929,9.762799739837646
68,719958201,knnu td,0.601,0.236,d68_seed719958201_svd,2026-02-20T23:54:34.903929,9.762799739837646
68,719958201,knnu mmr,0.658,0.152,d68_seed719958201_svd,2026-02-20T23:54:34.903929,9.762799739837646
68,719958201,knni,0.767,0.241,d68_seed719958201_svd,2026-02-20T23:54:34.903929,9.762799739837646
68,719958201,knni td,0.729,0.239,d68_seed719958201_svd,2026-02-20T23:54:34.903929,9.762799739837646
68,719958201,knni mmr,0.679,0.153,d68_seed719958201_svd,2026-02-20T23:54:34.903929,9.762799739837646
68,719958201,svd,0.777,0.242,d68_seed719958201_svd,2026-02-20T23:54:34.903929,9.762799739837646
68,719958201,svd td,0.685,0.255,d68_seed719958201_svd,2026-02-20T23:54:34.903929,9.762799739837646
68,719958201,svd mmr,0.583,0.222,d68_seed719958201_svd,2026-02-20T23:54:34.903929,9.762799739837646
68,2004394224,knnu,0.822,0.234,d68_seed2004394224_svd,2026-02-20T23:54:44.856416,9.933738946914673
68,2004394224,knnu td,0.601,0.236,d68_seed2004394224_svd,2026-02-20T23:54:44.856416,9.933738946914673
68,2004394224,knnu mmr,0.658,0.152,d68_seed2004394224_svd,2026-02-20T23:54:44.856416,9.933738946914673
68,2004394224,knni,0.767,0.241,d68_seed2004394224_svd,2026-02-20T23:54:44.856416,9.933738946914673
68,2004394224,knni td,0.729,0.239,d68_seed2004394224_svd,2026-02-20T23:54:44.856416,9.933738946914673
68,2004394224,knni mmr,0.679,0.153,d68_seed2004394224_svd,2026-02-20T23:54:44.856416,9.933738946914673
68,2004394224,svd,0.777,0.242,d68_seed2004394224_svd,2026-02-20T23:54:44.856416,9.933738946914673
68,2004394224,svd td,0.685,0.255,d68_seed2004394224_svd,2026-02-20T23:54:44.856416,9.933738946914673
68,2004394224,svd mmr,0.583,0.222,d68_seed2004394224_svd,2026-02-20T23:54:44.856416,9.933738946914673
68,1047637579,knnu,0.822,0.234,d68_seed1047637579_svd,2026-02-20T23:54:54.753619,9.888394355773926
68,1047637579,knnu td,0.601,0.236,d68_seed1047637579_svd,2026-02-20T23:54:54.753619,9.888394355773926
68,1047637579,knnu mmr,0.66,0.152,d68_seed1047637579_svd,2026-02-20T23:54:54.753619,9.888394355773926
68,1047637579,knni,0.767,0.241,d68_seed1047637579_svd,2026-02-20T23:54:54.753619,9.888394355773926
68,1047637579,knni td,0.729,0.239,d68_seed1047637579_svd,2026-02-20T23:54:54.753619,9.888394355773926
68,1047637579,knni mmr,0.679,0.153,d68_seed1047637579_svd,2026-02-20T23:54:54.753619,9.888394355773926
68,1047637579,svd,0.777,0.242,d68_seed1047637579_svd,2026-02-20T23:54:54.753619,9.888394355773926
68,1047637579,svd td,0.685,0.255,d68_seed1047637579_svd,2026-02-20T23:54:54.753619,9.888394355773926
68,1047637579,svd mmr,0.583,0.222,d68_seed1047637579_svd,2026-02-20T23:54:54.753619,9.888394355773926
73,358056291,knnu,0.822,0.234,d73_seed358056291_svd,2026-02-20T23:55:04.687200,9.901497602462769
73,358056291,knnu td,0.601,0.236,d73_seed358056291_svd,2026-02-20T23:55:04.687200,9.901497602462769
73,358056291,knnu mmr,0.664,0.151,d73_seed358056291_svd,2026-02-20T23:55:04.687200,9.901497602462769
73,358056291,knni,0.767,0.241,d73_seed358056291_svd,2026-02-20T23:55:04.687200,9.901497602462769
73,358056291,knni td,0.729,0.239,d73_seed358056291_svd,2026-02-20T23:55:04.687200,9.901497602462769
73,358056291,knni mmr,0.678,0.153,d73_seed358056291_svd,2026-02-20T23:55:04.687200,9.901497602462769
73,358056291,svd,0.777,0.242,d73_seed358056291_svd,2026-02-20T23:55:04.687200,9.901497602462769
73,358056291,svd td,0.685,0.255,d73_seed358056291_svd,2026-02-20T23:55:04.687200,9.901497602462769
73,358056291,svd mmr,0.58,0.221,d73_seed358056291_svd,2026-02-20T23:55:04.687200,9.901497602462769
73,1576296115,knnu,0.822,0.234,d73_seed1576296115_svd,2026-02-20T23:55:14.669404,9.976129055023193
73,1576296115,knnu td,0.601,0.236,d73_seed1576296115_svd,2026-02-20T23:55:14.669404,9.976129055023193
73,1576296115,knnu mmr,0.664,0.151,d73_seed1576296115_svd,2026-02-20T23:55:14.669404,9.976129055023193
73,1576296115,knni,0.767,0.241,d73_seed1576296115_svd,2026-02-20T23:55:14.669404,9.976129055023193
73,1576296115,knni td,0.729,0.239,d73_seed1576296115_svd,2026-02-20T23:55:14.669404,9.976129055023193
73,1576296115,knni mmr,0.678,0.153,d73_seed1576296115_svd,2026-02-20T23:55:14.669404,9.976129055023193
73,1576296115,svd,0.777,0.242,d73_seed1576296115_svd,2026-02-20T23:55:14.669404,9.976129055023193
73,1576296115,svd td,0.685,0.255,d73_seed1576296115_svd,2026-02-20T23:55:14.669404,9.976129055023193
73,1576296115,svd mmr,0.58,0.221,d73_seed1576296115_svd,2026-02-20T23:55:14.669404,9.976129055023193
73,1631363395,knnu,0.822,0.234,d73_seed1631363395_svd,2026-02-20T23:55:24.531111,9.85912036895752
73,1631363395,knnu td,0.601,0.236,d73_seed1631363395_svd,2026-02-20T23:55:24.531111,9.85912036895752
73,1631363395,knnu mmr,0.664,0.151,d73_seed1631363395_svd,2026-02-20T23:55:24.531111,9.85912036895752
73,1631363395,knni,0.767,0.241,d73_seed1631363395_svd,2026-02-20T23:55:24.531111,9.85912036895752
73,1631363395,knni td,0.729,0.239,d73_seed1631363395_svd,2026-02-20T23:55:24.531111,9.85912036895752
73,1631363395,knni mmr,0.678,0.153,d73_seed1631363395_svd,2026-02-20T23:55:24.531111,9.85912036895752
73,1631363395,svd,0.777,0.242,d73_seed1631363395_svd,2026-02-20T23:55:24.531111,9.85912036895752
73,1631363395,svd td,0.685,0.255,d73_seed1631363395_svd,2026-02-20T23:55:24.531111,9.85912036895752
73,1631363395,svd mmr,0.58,0.221,d73_seed1631363395_svd,2026-02-20T23:55:24.531111,9.85912036895752
73,169153558,knnu,0.822,0.234,d73_seed169153558_svd,2026-02-20T23:55:34.477139,9.93710470199585
73,169153558,knnu td,0.601,0.236,d73_seed169153558_svd,2026-02-20T23:55:34.477139,9.93710470199585
73,169153558,knnu mmr,0.664,0.151,d73_seed169153558_svd,2026-02-20T23:55:34.477139,9.93710470199585
73,169153558,knni,0.767,0.241,d73_seed169153558_svd,2026-02-20T23:55:34.477139,9.93710470199585
73,169153558,knni td,0.729,0.239,d73_seed169153558_svd,2026-02-20T23:55:34.477139,9.93710470199585
73,169153558,knni mmr,0.678,0.153,d73_seed169153558_svd,2026-02-20T23:55:34.477139,9.93710470199585
73,169153558,svd,0.777,0.242,d73_seed169153558_svd,2026-02-20T23:55:34.477139,9.93710470199585
73,169153558,svd td,0.685,0.255,d73_seed169153558_svd,2026-02-20T23:55:34.477139,9.93710470199585
73,169153558,svd mmr,0.58,0.221,d73_seed169153558_svd,2026-02-20T23:55:34.477139,9.93710470199585
73,690066093,knnu,0.822,0.234,d73_seed690066093_svd,2026-02-20T23:55:44.287024,9.806887865066528
73,690066093,knnu td,0.601,0.236,d73_seed690066093_svd,2026-02-20T23:55:44.287024,9.806887865066528
73,690066093,knnu mmr,0.664,0.151,d73_seed690066093_svd,2026-02-20T23:55:44.287024,9.806887865066528
73,690066093,knni,0.767,0.241,d73_seed690066093_svd,2026-02-20T23:55:44.287024,9.806887865066528
73,690066093,knni td,0.729,0.239,d73_seed690066093_svd,2026-02-20T23:55:44.287024,9.806887865066528
73,690066093,knni mmr,0.678,0.153,d73_seed690066093_svd,2026-02-20T23:55:44.287024,9.806887865066528
73,690066093,svd,0.777,0.242,d73_seed690066093_svd,2026-02-20T23:55:44.287024,9.806887865066528
73,690066093,svd td,0.685,0.255,d73_seed690066093_svd,2026-02-20T23:55:44.287024,9.806887865066528
73,690066093,svd mmr,0.58,0.221,d73_seed690066093_svd,2026-02-20T23:55:44.287024,9.806887865066528
73,1098655442,knnu,0.822,0.234,d73_seed1098655442_svd,2026-02-20T23:55:54.265400,9.950915575027466
73,1098655442,knnu td,0.601,0.236,d73_seed1098655442_svd,2026-02-20T23:55:54.265400,9.950915575027466
73,1098655442,knnu mmr,0.664,0.151,d73_seed1098655442_svd,2026-02-20T23:55:54.265400,9.950915575027466
73,1098655442,knni,0.767,0.241,d73_seed1098655442_svd,2026-02-20T23:55:54.265400,9.950915575027466
73,1098655442,knni td,0.729,0.239,d73_seed1098655442_svd,2026-02-20T23:55:54.265400,9.950915575027466
73,1098655442,knni mmr,0.678,0.153,d73_seed1098655442_svd,2026-02-20T23:55:54.265400,9.950915575027466
73,1098655442,svd,0.777,0.242,d73_seed1098655442_svd,2026-02-20T23:55:54.265400,9.950915575027466
73,1098655442,svd td,0.685,0.255,d73_seed1098655442_svd,2026-02-20T23:55:54.265400,9.950915575027466
73,1098655442,svd mmr,0.58,0.221,d73_seed1098655442_svd,2026-02-20T23:55:54.265400,9.950915575027466
73,633259162,knnu,0.822,0.234,d73_seed633259162_svd,2026-02-20T23:56:04.270300,10.002134799957275
73,633259162,knnu td,0.601,0.236,d73_seed633259162_svd,2026-02-20T23:56:04.270300,10.002134799957275
73,633259162,knnu mmr,0.664,0.151,d73_seed633259162_svd,2026-02-20T23:56:04.270300,10.002134799957275
73,633259162,knni,0.767,0.241,d73_seed633259162_svd,2026-02-20T23:56:04.270300,10.002134799957275
73,633259162,knni td,0.729,0.239,d73_seed633259162_svd,2026-02-20T23:56:04.270300,10.002134799957275
73,633259162,knni mmr,0.678,0.153,d73_seed633259162_svd,2026-02-20T23:56:04.270300,10.002134799957275
73,633259162,svd,0.777,0.242,d73_seed633259162_svd,2026-02-20T23:56:04.270300,10.002134799957275
73,633259162,svd td,0.685,0.255,d73_seed633259162_svd,2026-02-20T23:56:04.270300,10.002134799957275
73,633259162,svd mmr,0.58,0.221,d73_seed633259162_svd,2026-02-20T23:56:04.270300,10.002134799957275
73,2047321531,knnu,0.822,0.234,d73_seed2047321531_svd,2026-02-20T23:56:14.109776,9.837364196777344
73,2047321531,knnu td,0.601,0.236,d73_seed2047321531_svd,2026-02-20T23:56:14.109776,9.837364196777344
73,2047321531,knnu mmr,0.664,0.151,d73_seed2047321531_svd,2026-02-20T23:56:14.109776,9.837364196777344
73,2047321531,knni,0.767,0.241,d73_seed2047321531_svd,2026-02-20T23:56:14.109776,9.837364196777344
73,2047321531,knni td,0.729,0.239,d73_seed2047321531_svd,2026-02-20T23:56:14.109776,9.837364196777344
73,2047321531,knni mmr,0.678,0.153,d73_seed2047321531_svd,2026-02-20T23:56:14.109776,9.837364196777344
73,2047321531,svd,0.777,0.242,d73_seed2047321531_svd,2026-02-20T23:56:14.109776,9.837364196777344
73,2047321531,svd td,0.685,0.255,d73_seed2047321531_svd,2026-02-20T23:56:14.109776,9.837364196777344
73,2047321531,svd mmr,0.58,0.221,d73_seed2047321531_svd,2026-02-20T23:56:14.109776,9.837364196777344
73,527024918,knnu,0.822,0.234,d73_seed527024918_svd,2026-02-20T23:56:24.020434,9.906924962997437
73,527024918,knnu td,0.601,0.236,d73_seed527024918_svd,2026-02-20T23:56:24.020434,9.906924962997437
73,527024918,knnu mmr,0.664,0.151,d73_seed527024918_svd,2026-02-20T23:56:24.020434,9.906924962997437
73,527024918,knni,0.767,0.241,d73_seed527024918_svd,2026-02-20T23:56:24.020434,9.906924962997437
73,527024918,knni td,0.729,0.239,d73_seed527024918_svd,2026-02-20T23:56:24.020434,9.906924962997437
73,527024918,knni mmr,0.678,0.153,d73_seed527024918_svd,2026-02-20T23:56:24.020434,9.906924962997437
73,527024918,svd,0.777,0.242,d73_seed527024918_svd,2026-02-20T23:56:24.020434,9.906924962997437
73,527024918,svd td,0.685,0.255,d73_seed527024918_svd,2026-02-20T23:56:24.020434,9.906924962997437
73,527024918,svd mmr,0.58,0.221,d73_seed527024918_svd,2026-02-20T23:56:24.020434,9.906924962997437
73,1317587706,knnu,0.822,0.234,d73_seed1317587706_svd,2026-02-20T23:56:33.882843,9.859061479568481
73,1317587706,knnu td,0.601,0.236,d73_seed1317587706_svd,2026-02-20T23:56:33.882843,9.859061479568481
73,1317587706,knnu mmr,0.664,0.151,d73_seed1317587706_svd,2026-02-20T23:56:33.882843,9.859061479568481
73,1317587706,knni,0.767,0.241,d73_seed1317587706_svd,2026-02-20T23:56:33.882843,9.859061479568481
73,1317587706,knni td,0.729,0.239,d73_seed1317587706_svd,2026-02-20T23:56:33.882843,9.859061479568481
73,1317587706,knni mmr,0.678,0.153,d73_seed1317587706_svd,2026-02-20T23:56:33.882843,9.859061479568481
73,1317587706,svd,0.777,0.242,d73_seed1317587706_svd,2026-02-20T23:56:33.882843,9.859061479568481
73,1317587706,svd td,0.685,0.255,d73_seed1317587706_svd,2026-02-20T23:56:33.882843,9.859061479568481
73,1317587706,svd mmr,0.58,0.221,d73_seed1317587706_svd,2026-02-20T23:56:33.882843,9.859061479568481
73,1036723065,knnu,0.822,0.234,d73_seed1036723065_svd,2026-02-20T23:56:43.803526,9.883864164352417
73,1036723065,knnu td,0.601,0.236,d73_seed1036723065_svd,2026-02-20T23:56:43.803526,9.883864164352417
73,1036723065,knnu mmr,0.664,0.151,d73_seed1036723065_svd,2026-02-20T23:56:43.803526,9.883864164352417
73,1036723065,knni,0.767,0.241,d73_seed1036723065_svd,2026-02-20T23:56:43.803526,9.883864164352417
73,1036723065,knni td,0.729,0.239,d73_seed1036723065_svd,2026-02-20T23:56:43.803526,9.883864164352417
73,1036723065,knni mmr,0.678,0.153,d73_seed1036723065_svd,2026-02-20T23:56:43.803526,9.883864164352417
73,1036723065,svd,0.777,0.242,d73_seed1036723065_svd,2026-02-20T23:56:43.803526,9.883864164352417
73,1036723065,svd td,0.685,0.255,d73_seed1036723065_svd,2026-02-20T23:56:43.803526,9.883864164352417
73,1036723065,svd mmr,0.58,0.221,d73_seed1036723065_svd,2026-02-20T23:56:43.803526,9.883864164352417
73,423235947,knnu,0.822,0.234,d73_seed423235947_svd,2026-02-20T23:56:53.670506,9.864548444747925
73,423235947,knnu td,0.601,0.236,d73_seed423235947_svd,2026-02-20T23:56:53.670506,9.864548444747925
73,423235947,knnu mmr,0.664,0.151,d73_seed423235947_svd,2026-02-20T23:56:53.670506,9.864548444747925
73,423235947,knni,0.767,0.241,d73_seed423235947_svd,2026-02-20T23:56:53.670506,9.864548444747925
73,423235947,knni td,0.729,0.239,d73_seed423235947_svd,2026-02-20T23:56:53.670506,9.864548444747925
73,423235947,knni mmr,0.678,0.153,d73_seed423235947_svd,2026-02-20T23:56:53.670506,9.864548444747925
73,423235947,svd,0.777,0.242,d73_seed423235947_svd,2026-02-20T23:56:53.670506,9.864548444747925
73,423235947,svd td,0.685,0.255,d73_seed423235947_svd,2026-02-20T23:56:53.670506,9.864548444747925
73,423235947,svd mmr,0.58,0.221,d73_seed423235947_svd,2026-02-20T23:56:53.670506,9.864548444747925
73,677482947,knnu,0.822,0.234,d73_seed677482947_svd,2026-02-20T23:57:03.556611,9.883407831192017
73,677482947,knnu td,0.601,0.236,d73_seed677482947_svd,2026-02-20T23:57:03.556611,9.883407831192017
73,677482947,knnu mmr,0.664,0.151,d73_seed677482947_svd,2026-02-20T23:57:03.556611,9.883407831192017
73,677482947,knni,0.767,0.241,d73_seed677482947_svd,2026-02-20T23:57:03.556611,9.883407831192017
73,677482947,knni td,0.729,0.239,d73_seed677482947_svd,2026-02-20T23:57:03.556611,9.883407831192017
73,677482947,knni mmr,0.678,0.153,d73_seed677482947_svd,2026-02-20T23:57:03.556611,9.883407831192017
73,677482947,svd,0.777,0.242,d73_seed677482947_svd,2026-02-20T23:57:03.556611,9.883407831192017
73,677482947,svd td,0.685,0.255,d73_seed677482947_svd,2026-02-20T23:57:03.556611,9.883407831192017
73,677482947,svd mmr,0.58,0.221,d73_seed677482947_svd,2026-02-20T23:57:03.556611,9.883407831192017
73,1492746576,knnu,0.822,0.234,d73_seed1492746576_svd,2026-02-20T23:57:13.429715,9.86909794807434
73,1492746576,knnu td,0.601,0.236,d73_seed1492746576_svd,2026-02-20T23:57:13.429715,9.86909794807434
73,1492746576,knnu mmr,0.664,0.151,d73_seed1492746576_svd,2026-02-20T23:57:13.429715,9.86909794807434
73,1492746576,knni,0.767,0.241,d73_seed1492746576_svd,2026-02-20T23:57:13.429715,9.86909794807434
73,1492746576,knni td,0.729,0.239,d73_seed1492746576_svd,2026-02-20T23:57:13.429715,9.86909794807434
73,1492746576,knni mmr,0.678,0.153,d73_seed1492746576_svd,2026-02-20T23:57:13.429715,9.86909794807434
73,1492746576,svd,0.777,0.242,d73_seed1492746576_svd,2026-02-20T23:57:13.429715,9.86909794807434
73,1492746576,svd td,0.685,0.255,d73_seed1492746576_svd,2026-02-20T23:57:13.429715,9.86909794807434
73,1492746576,svd mmr,0.58,0.221,d73_seed1492746576_svd,2026-02-20T23:57:13.429715,9.86909794807434
73,239209755,knnu,0.822,0.234,d73_seed239209755_svd,2026-02-20T23:57:23.480416,10.046259880065918
73,239209755,knnu td,0.601,0.236,d73_seed239209755_svd,2026-02-20T23:57:23.480416,10.046259880065918
73,239209755,knnu mmr,0.664,0.151,d73_seed239209755_svd,2026-02-20T23:57:23.480416,10.046259880065918
73,239209755,knni,0.767,0.241,d73_seed239209755_svd,2026-02-20T23:57:23.480416,10.046259880065918
73,239209755,knni td,0.729,0.239,d73_seed239209755_svd,2026-02-20T23:57:23.480416,10.046259880065918
73,239209755,knni mmr,0.678,0.153,d73_seed239209755_svd,2026-02-20T23:57:23.480416,10.046259880065918
73,239209755,svd,0.777,0.242,d73_seed239209755_svd,2026-02-20T23:57:23.480416,10.046259880065918
73,239209755,svd td,0.685,0.255,d73_seed239209755_svd,2026-02-20T23:57:23.480416,10.046259880065918
73,239209755,svd mmr,0.58,0.221,d73_seed239209755_svd,2026-02-20T23:57:23.480416,10.046259880065918
73,637016530,knnu,0.822,0.234,d73_seed637016530_svd,2026-02-20T23:57:33.344340,9.838324785232544
73,637016530,knnu td,0.601,0.236,d73_seed637016530_svd,2026-02-20T23:57:33.344340,9.838324785232544
73,637016530,knnu mmr,0.664,0.151,d73_seed637016530_svd,2026-02-20T23:57:33.344340,9.838324785232544
73,637016530,knni,0.767,0.241,d73_seed637016530_svd,2026-02-20T23:57:33.344340,9.838324785232544
73,637016530,knni td,0.729,0.239,d73_seed637016530_svd,2026-02-20T23:57:33.344340,9.838324785232544
73,637016530,knni mmr,0.678,0.153,d73_seed637016530_svd,2026-02-20T23:57:33.344340,9.838324785232544
73,637016530,svd,0.777,0.242,d73_seed637016530_svd,2026-02-20T23:57:33.344340,9.838324785232544
73,637016530,svd td,0.685,0.255,d73_seed637016530_svd,2026-02-20T23:57:33.344340,9.838324785232544
73,637016530,svd mmr,0.58,0.221,d73_seed637016530_svd,2026-02-20T23:57:33.344340,9.838324785232544
73,835817041,knnu,0.822,0.234,d73_seed835817041_svd,2026-02-20T23:57:43.162982,9.813645124435425
73,835817041,knnu td,0.601,0.236,d73_seed835817041_svd,2026-02-20T23:57:43.162982,9.813645124435425
73,835817041,knnu mmr,0.664,0.151,d73_seed835817041_svd,2026-02-20T23:57:43.162982,9.813645124435425
73,835817041,knni,0.767,0.241,d73_seed835817041_svd,2026-02-20T23:57:43.162982,9.813645124435425
73,835817041,knni td,0.729,0.239,d73_seed835817041_svd,2026-02-20T23:57:43.162982,9.813645124435425
73,835817041,knni mmr,0.678,0.153,d73_seed835817041_svd,2026-02-20T23:57:43.162982,9.813645124435425
73,835817041,svd,0.777,0.242,d73_seed835817041_svd,2026-02-20T23:57:43.162982,9.813645124435425
73,835817041,svd td,0.685,0.255,d73_seed835817041_svd,2026-02-20T23:57:43.162982,9.813645124435425
73,835817041,svd mmr,0.58,0.221,d73_seed835817041_svd,2026-02-20T23:57:43.162982,9.813645124435425
73,719958201,knnu,0.822,0.234,d73_seed719958201_svd,2026-02-20T23:57:53.061304,9.888830423355103
73,719958201,knnu td,0.601,0.236,d73_seed719958201_svd,2026-02-20T23:57:53.061304,9.888830423355103
73,719958201,knnu mmr,0.664,0.151,d73_seed719958201_svd,2026-02-20T23:57:53.061304,9.888830423355103
73,719958201,knni,0.767,0.241,d73_seed719958201_svd,2026-02-20T23:57:53.061304,9.888830423355103
73,719958201,knni td,0.729,0.239,d73_seed719958201_svd,2026-02-20T23:57:53.061304,9.888830423355103
73,719958201,knni mmr,0.678,0.153,d73_seed719958201_svd,2026-02-20T23:57:53.061304,9.888830423355103
73,719958201,svd,0.777,0.242,d73_seed719958201_svd,2026-02-20T23:57:53.061304,9.888830423355103
73,719958201,svd td,0.685,0.255,d73_seed719958201_svd,2026-02-20T23:57:53.061304,9.888830423355103
73,719958201,svd mmr,0.58,0.221,d73_seed719958201_svd,2026-02-20T23:57:53.061304,9.888830423355103
73,2004394224,knnu,0.822,0.234,d73_seed2004394224_svd,2026-02-20T23:58:02.948617,9.885386943817139
73,2004394224,knnu td,0.601,0.236,d73_seed2004394224_svd,2026-02-20T23:58:02.948617,9.885386943817139
73,2004394224,knnu mmr,0.664,0.151,d73_seed2004394224_svd,2026-02-20T23:58:02.948617,9.885386943817139
73,2004394224,knni,0.767,0.241,d73_seed2004394224_svd,2026-02-20T23:58:02.948617,9.885386943817139
73,2004394224,knni td,0.729,0.239,d73_seed2004394224_svd,2026-02-20T23:58:02.948617,9.885386943817139
73,2004394224,knni mmr,0.678,0.153,d73_seed2004394224_svd,2026-02-20T23:58:02.948617,9.885386943817139
73,2004394224,svd,0.777,0.242,d73_seed2004394224_svd,2026-02-20T23:58:02.948617,9.885386943817139
73,2004394224,svd td,0.685,0.255,d73_seed2004394224_svd,2026-02-20T23:58:02.948617,9.885386943817139
73,2004394224,svd mmr,0.58,0.221,d73_seed2004394224_svd,2026-02-20T23:58:02.948617,9.885386943817139
73,1047637579,knnu,0.822,0.234,d73_seed1047637579_svd,2026-02-20T23:58:12.738787,9.787171125411987
73,1047637579,knnu td,0.601,0.236,d73_seed1047637579_svd,2026-02-20T23:58:12.738787,9.787171125411987
73,1047637579,knnu mmr,0.664,0.151,d73_seed1047637579_svd,2026-02-20T23:58:12.738787,9.787171125411987
73,1047637579,knni,0.767,0.241,d73_seed1047637579_svd,2026-02-20T23:58:12.738787,9.787171125411987
73,1047637579,knni td,0.729,0.239,d73_seed1047637579_svd,2026-02-20T23:58:12.738787,9.787171125411987
73,1047637579,knni mmr,0.678,0.153,d73_seed1047637579_svd,2026-02-20T23:58:12.738787,9.787171125411987
73,1047637579,svd,0.777,0.242,d73_seed1047637579_svd,2026-02-20T23:58:12.738787,9.787171125411987
73,1047637579,svd td,0.685,0.255,d73_seed1047637579_svd,2026-02-20T23:58:12.738787,9.787171125411987
73,1047637579,svd mmr,0.58,0.221,d73_seed1047637579_svd,2026-02-20T23:58:12.738787,9.787171125411987
78,358056291,knnu,0.822,0.234,d78_seed358056291_svd,2026-02-20T23:58:22.733065,9.966673374176025
78,358056291,knnu td,0.601,0.236,d78_seed358056291_svd,2026-02-20T23:58:22.733065,9.966673374176025
78,358056291,knnu mmr,0.67,0.15,d78_seed358056291_svd,2026-02-20T23:58:22.733065,9.966673374176025
78,358056291,knni,0.767,0.241,d78_seed358056291_svd,2026-02-20T23:58:22.733065,9.966673374176025
78,358056291,knni td,0.729,0.239,d78_seed358056291_svd,2026-02-20T23:58:22.733065,9.966673374176025
78,358056291,knni mmr,0.675,0.152,d78_seed358056291_svd,2026-02-20T23:58:22.733065,9.966673374176025
78,358056291,svd,0.777,0.242,d78_seed358056291_svd,2026-02-20T23:58:22.733065,9.966673374176025
78,358056291,svd td,0.685,0.255,d78_seed358056291_svd,2026-02-20T23:58:22.733065,9.966673374176025
78,358056291,svd mmr,0.581,0.221,d78_seed358056291_svd,2026-02-20T23:58:22.733065,9.966673374176025
78,1576296115,knnu,0.822,0.234,d78_seed1576296115_svd,2026-02-20T23:58:32.513580,9.777990102767944
78,1576296115,knnu td,0.601,0.236,d78_seed1576296115_svd,2026-02-20T23:58:32.513580,9.777990102767944
78,1576296115,knnu mmr,0.67,0.15,d78_seed1576296115_svd,2026-02-20T23:58:32.513580,9.777990102767944
78,1576296115,knni,0.767,0.241,d78_seed1576296115_svd,2026-02-20T23:58:32.513580,9.777990102767944
78,1576296115,knni td,0.729,0.239,d78_seed1576296115_svd,2026-02-20T23:58:32.513580,9.777990102767944
78,1576296115,knni mmr,0.675,0.152,d78_seed1576296115_svd,2026-02-20T23:58:32.513580,9.777990102767944
78,1576296115,svd,0.777,0.242,d78_seed1576296115_svd,2026-02-20T23:58:32.513580,9.777990102767944
78,1576296115,svd td,0.685,0.255,d78_seed1576296115_svd,2026-02-20T23:58:32.513580,9.777990102767944
78,1576296115,svd mmr,0.581,0.221,d78_seed1576296115_svd,2026-02-20T23:58:32.513580,9.777990102767944
78,1631363395,knnu,0.822,0.234,d78_seed1631363395_svd,2026-02-20T23:58:42.508432,9.98948621749878
78,1631363395,knnu td,0.601,0.236,d78_seed1631363395_svd,2026-02-20T23:58:42.508432,9.98948621749878
78,1631363395,knnu mmr,0.67,0.15,d78_seed1631363395_svd,2026-02-20T23:58:42.508432,9.98948621749878
78,1631363395,knni,0.767,0.241,d78_seed1631363395_svd,2026-02-20T23:58:42.508432,9.98948621749878
78,1631363395,knni td,0.729,0.239,d78_seed1631363395_svd,2026-02-20T23:58:42.508432,9.98948621749878
78,1631363395,knni mmr,0.675,0.152,d78_seed1631363395_svd,2026-02-20T23:58:42.508432,9.98948621749878
78,1631363395,svd,0.777,0.242,d78_seed1631363395_svd,2026-02-20T23:58:42.508432,9.98948621749878
78,1631363395,svd td,0.685,0.255,d78_seed1631363395_svd,2026-02-20T23:58:42.508432,9.98948621749878
78,1631363395,svd mmr,0.581,0.221,d78_seed1631363395_svd,2026-02-20T23:58:42.508432,9.98948621749878
78,169153558,knnu,0.822,0.234,d78_seed169153558_svd,2026-02-20T23:58:52.475315,9.964169025421143
78,169153558,knnu td,0.601,0.236,d78_seed169153558_svd,2026-02-20T23:58:52.475315,9.964169025421143
78,169153558,knnu mmr,0.67,0.15,d78_seed169153558_svd,2026-02-20T23:58:52.475315,9.964169025421143
78,169153558,knni,0.767,0.241,d78_seed169153558_svd,2026-02-20T23:58:52.475315,9.964169025421143
78,169153558,knni td,0.729,0.239,d78_seed169153558_svd,2026-02-20T23:58:52.475315,9.964169025421143
78,169153558,knni mmr,0.675,0.152,d78_seed169153558_svd,2026-02-20T23:58:52.475315,9.964169025421143
78,169153558,svd,0.777,0.242,d78_seed169153558_svd,2026-02-20T23:58:52.475315,9.964169025421143
78,169153558,svd td,0.685,0.255,d78_seed169153558_svd,2026-02-20T23:58:52.475315,9.964169025421143
78,169153558,svd mmr,0.581,0.221,d78_seed169153558_svd,2026-02-20T23:58:52.475315,9.964169025421143
78,690066093,knnu,0.822,0.234,d78_seed690066093_svd,2026-02-20T23:59:02.353606,9.874638557434082
78,690066093,knnu td,0.601,0.236,d78_seed690066093_svd,2026-02-20T23:59:02.353606,9.874638557434082
78,690066093,knnu mmr,0.67,0.15,d78_seed690066093_svd,2026-02-20T23:59:02.353606,9.874638557434082
78,690066093,knni,0.767,0.241,d78_seed690066093_svd,2026-02-20T23:59:02.353606,9.874638557434082
78,690066093,knni td,0.729,0.239,d78_seed690066093_svd,2026-02-20T23:59:02.353606,9.874638557434082
78,690066093,knni mmr,0.675,0.152,d78_seed690066093_svd,2026-02-20T23:59:02.353606,9.874638557434082
78,690066093,svd,0.777,0.242,d78_seed690066093_svd,2026-02-20T23:59:02.353606,9.874638557434082
78,690066093,svd td,0.685,0.255,d78_seed690066093_svd,2026-02-20T23:59:02.353606,9.874638557434082
78,690066093,svd mmr,0.581,0.221,d78_seed690066093_svd,2026-02-20T23:59:02.353606,9.874638557434082
78,1098655442,knnu,0.822,0.234,d78_seed1098655442_svd,2026-02-20T23:59:12.171181,9.790515422821045
78,1098655442,knnu td,0.601,0.236,d78_seed1098655442_svd,2026-02-20T23:59:12.171181,9.790515422821045
78,1098655442,knnu mmr,0.67,0.15,d78_seed1098655442_svd,2026-02-20T23:59:12.171181,9.790515422821045
78,1098655442,knni,0.767,0.241,d78_seed1098655442_svd,2026-02-20T23:59:12.171181,9.790515422821045
78,1098655442,knni td,0.729,0.239,d78_seed1098655442_svd,2026-02-20T23:59:12.171181,9.790515422821045
78,1098655442,knni mmr,0.675,0.152,d78_seed1098655442_svd,2026-02-20T23:59:12.171181,9.790515422821045
78,1098655442,svd,0.777,0.242,d78_seed1098655442_svd,2026-02-20T23:59:12.171181,9.790515422821045
78,1098655442,svd td,0.685,0.255,d78_seed1098655442_svd,2026-02-20T23:59:12.171181,9.790515422821045
78,1098655442,svd mmr,0.581,0.221,d78_seed1098655442_svd,2026-02-20T23:59:12.171181,9.790515422821045
78,633259162,knnu,0.822,0.234,d78_seed633259162_svd,2026-02-20T23:59:22.097964,9.91378378868103
78,633259162,knnu td,0.601,0.236,d78_seed633259162_svd,2026-02-20T23:59:22.097964,9.91378378868103
78,633259162,knnu mmr,0.67,0.15,d78_seed633259162_svd,2026-02-20T23:59:22.097964,9.91378378868103
78,633259162,knni,0.767,0.241,d78_seed633259162_svd,2026-02-20T23:59:22.097964,9.91378378868103
78,633259162,knni td,0.729,0.239,d78_seed633259162_svd,2026-02-20T23:59:22.097964,9.91378378868103
78,633259162,knni mmr,0.675,0.152,d78_seed633259162_svd,2026-02-20T23:59:22.097964,9.91378378868103
78,633259162,svd,0.777,0.242,d78_seed633259162_svd,2026-02-20T23:59:22.097964,9.91378378868103
78,633259162,svd td,0.685,0.255,d78_seed633259162_svd,2026-02-20T23:59:22.097964,9.91378378868103
78,633259162,svd mmr,0.581,0.221,d78_seed633259162_svd,2026-02-20T23:59:22.097964,9.91378378868103
78,2047321531,knnu,0.822,0.234,d78_seed2047321531_svd,2026-02-20T23:59:31.994735,9.893890619277954
78,2047321531,knnu td,0.601,0.236,d78_seed2047321531_svd,2026-02-20T23:59:31.994735,9.893890619277954
78,2047321531,knnu mmr,0.67,0.15,d78_seed2047321531_svd,2026-02-20T23:59:31.994735,9.893890619277954
78,2047321531,knni,0.767,0.241,d78_seed2047321531_svd,2026-02-20T23:59:31.994735,9.893890619277954
78,2047321531,knni td,0.729,0.239,d78_seed2047321531_svd,2026-02-20T23:59:31.994735,9.893890619277954
78,2047321531,knni mmr,0.675,0.152,d78_seed2047321531_svd,2026-02-20T23:59:31.994735,9.893890619277954
78,2047321531,svd,0.777,0.242,d78_seed2047321531_svd,2026-02-20T23:59:31.994735,9.893890619277954
78,2047321531,svd td,0.685,0.255,d78_seed2047321531_svd,2026-02-20T23:59:31.994735,9.893890619277954
78,2047321531,svd mmr,0.581,0.221,d78_seed2047321531_svd,2026-02-20T23:59:31.994735,9.893890619277954
78,527024918,knnu,0.822,0.234,d78_seed527024918_svd,2026-02-20T23:59:41.976174,9.978859663009644
78,527024918,knnu td,0.601,0.236,d78_seed527024918_svd,2026-02-20T23:59:41.976174,9.978859663009644
78,527024918,knnu mmr,0.67,0.15,d78_seed527024918_svd,2026-02-20T23:59:41.976174,9.978859663009644
78,527024918,knni,0.767,0.241,d78_seed527024918_svd,2026-02-20T23:59:41.976174,9.978859663009644
78,527024918,knni td,0.729,0.239,d78_seed527024918_svd,2026-02-20T23:59:41.976174,9.978859663009644
78,527024918,knni mmr,0.675,0.152,d78_seed527024918_svd,2026-02-20T23:59:41.976174,9.978859663009644
78,527024918,svd,0.777,0.242,d78_seed527024918_svd,2026-02-20T23:59:41.976174,9.978859663009644
78,527024918,svd td,0.685,0.255,d78_seed527024918_svd,2026-02-20T23:59:41.976174,9.978859663009644
78,527024918,svd mmr,0.581,0.221,d78_seed527024918_svd,2026-02-20T23:59:41.976174,9.978859663009644
78,1317587706,knnu,0.822,0.234,d78_seed1317587706_svd,2026-02-20T23:59:51.970136,9.986210823059082
78,1317587706,knnu td,0.601,0.236,d78_seed1317587706_svd,2026-02-20T23:59:51.970136,9.986210823059082
78,1317587706,knnu mmr,0.67,0.15,d78_seed1317587706_svd,2026-02-20T23:59:51.970136,9.986210823059082
78,1317587706,knni,0.767,0.241,d78_seed1317587706_svd,2026-02-20T23:59:51.970136,9.986210823059082
78,1317587706,knni td,0.729,0.239,d78_seed1317587706_svd,2026-02-20T23:59:51.970136,9.986210823059082
78,1317587706,knni mmr,0.675,0.152,d78_seed1317587706_svd,2026-02-20T23:59:51.970136,9.986210823059082
78,1317587706,svd,0.777,0.242,d78_seed1317587706_svd,2026-02-20T23:59:51.970136,9.986210823059082
78,1317587706,svd td,0.685,0.255,d78_seed1317587706_svd,2026-02-20T23:59:51.970136,9.986210823059082
78,1317587706,svd mmr,0.581,0.221,d78_seed1317587706_svd,2026-02-20T23:59:51.970136,9.986210823059082
78,1036723065,knnu,0.822,0.234,d78_seed1036723065_svd,2026-02-21T00:00:02.049280,10.058094263076782
78,1036723065,knnu td,0.601,0.236,d78_seed1036723065_svd,2026-02-21T00:00:02.049280,10.058094263076782
78,1036723065,knnu mmr,0.67,0.15,d78_seed1036723065_svd,2026-02-21T00:00:02.049280,10.058094263076782
78,1036723065,knni,0.767,0.241,d78_seed1036723065_svd,2026-02-21T00:00:02.049280,10.058094263076782
78,1036723065,knni td,0.729,0.239,d78_seed1036723065_svd,2026-02-21T00:00:02.049280,10.058094263076782
78,1036723065,knni mmr,0.675,0.152,d78_seed1036723065_svd,2026-02-21T00:00:02.049280,10.058094263076782
78,1036723065,svd,0.777,0.242,d78_seed1036723065_svd,2026-02-21T00:00:02.049280,10.058094263076782
78,1036723065,svd td,0.685,0.255,d78_seed1036723065_svd,2026-02-21T00:00:02.049280,10.058094263076782
78,1036723065,svd mmr,0.581,0.221,d78_seed1036723065_svd,2026-02-21T00:00:02.049280,10.058094263076782
78,423235947,knnu,0.822,0.234,d78_seed423235947_svd,2026-02-21T00:00:11.905328,9.852518558502197
78,423235947,knnu td,0.601,0.236,d78_seed423235947_svd,2026-02-21T00:00:11.905328,9.852518558502197
78,423235947,knnu mmr,0.67,0.15,d78_seed423235947_svd,2026-02-21T00:00:11.905328,9.852518558502197
78,423235947,knni,0.767,0.241,d78_seed423235947_svd,2026-02-21T00:00:11.905328,9.852518558502197
78,423235947,knni td,0.729,0.239,d78_seed423235947_svd,2026-02-21T00:00:11.905328,9.852518558502197
78,423235947,knni mmr,0.675,0.152,d78_seed423235947_svd,2026-02-21T00:00:11.905328,9.852518558502197
78,423235947,svd,0.777,0.242,d78_seed423235947_svd,2026-02-21T00:00:11.905328,9.852518558502197
78,423235947,svd td,0.685,0.255,d78_seed423235947_svd,2026-02-21T00:00:11.905328,9.852518558502197
78,423235947,svd mmr,0.581,0.221,d78_seed423235947_svd,2026-02-21T00:00:11.905328,9.852518558502197
78,677482947,knnu,0.822,0.234,d78_seed677482947_svd,2026-02-21T00:00:21.911029,9.989753484725952
78,677482947,knnu td,0.601,0.236,d78_seed677482947_svd,2026-02-21T00:00:21.911029,9.989753484725952
78,677482947,knnu mmr,0.67,0.15,d78_seed677482947_svd,2026-02-21T00:00:21.911029,9.989753484725952
78,677482947,knni,0.767,0.241,d78_seed677482947_svd,2026-02-21T00:00:21.911029,9.989753484725952
78,677482947,knni td,0.729,0.239,d78_seed677482947_svd,2026-02-21T00:00:21.911029,9.989753484725952
78,677482947,knni mmr,0.675,0.152,d78_seed677482947_svd,2026-02-21T00:00:21.911029,9.989753484725952
78,677482947,svd,0.777,0.242,d78_seed677482947_svd,2026-02-21T00:00:21.911029,9.989753484725952
78,677482947,svd td,0.685,0.255,d78_seed677482947_svd,2026-02-21T00:00:21.911029,9.989753484725952
78,677482947,svd mmr,0.581,0.221,d78_seed677482947_svd,2026-02-21T00:00:21.911029,9.989753484725952
78,1492746576,knnu,0.822,0.234,d78_seed1492746576_svd,2026-02-21T00:00:31.768189,9.85332202911377
78,1492746576,knnu td,0.601,0.236,d78_seed1492746576_svd,2026-02-21T00:00:31.768189,9.85332202911377
78,1492746576,knnu mmr,0.67,0.15,d78_seed1492746576_svd,2026-02-21T00:00:31.768189,9.85332202911377
78,1492746576,knni,0.767,0.241,d78_seed1492746576_svd,2026-02-21T00:00:31.768189,9.85332202911377
78,1492746576,knni td,0.729,0.239,d78_seed1492746576_svd,2026-02-21T00:00:31.768189,9.85332202911377
78,1492746576,knni mmr,0.675,0.152,d78_seed1492746576_svd,2026-02-21T00:00:31.768189,9.85332202911377
78,1492746576,svd,0.777,0.242,d78_seed1492746576_svd,2026-02-21T00:00:31.768189,9.85332202911377
78,1492746576,svd td,0.685,0.255,d78_seed1492746576_svd,2026-02-21T00:00:31.768189,9.85332202911377
78,1492746576,svd mmr,0.581,0.221,d78_seed1492746576_svd,2026-02-21T00:00:31.768189,9.85332202911377
78,239209755,knnu,0.822,0.234,d78_seed239209755_svd,2026-02-21T00:00:41.621687,9.848363876342773
78,239209755,knnu td,0.601,0.236,d78_seed239209755_svd,2026-02-21T00:00:41.621687,9.848363876342773
78,239209755,knnu mmr,0.67,0.15,d78_seed239209755_svd,2026-02-21T00:00:41.621687,9.848363876342773
78,239209755,knni,0.767,0.241,d78_seed239209755_svd,2026-02-21T00:00:41.621687,9.848363876342773
78,239209755,knni td,0.729,0.239,d78_seed239209755_svd,2026-02-21T00:00:41.621687,9.848363876342773
78,239209755,knni mmr,0.675,0.152,d78_seed239209755_svd,2026-02-21T00:00:41.621687,9.848363876342773
78,239209755,svd,0.777,0.242,d78_seed239209755_svd,2026-02-21T00:00:41.621687,9.848363876342773
78,239209755,svd td,0.685,0.255,d78_seed239209755_svd,2026-02-21T00:00:41.621687,9.848363876342773
78,239209755,svd mmr,0.581,0.221,d78_seed239209755_svd,2026-02-21T00:00:41.621687,9.848363876342773
78,637016530,knnu,0.822,0.234,d78_seed637016530_svd,2026-02-21T00:00:51.600679,9.957746505737305
78,637016530,knnu td,0.601,0.236,d78_seed637016530_svd,2026-02-21T00:00:51.600679,9.957746505737305
78,637016530,knnu mmr,0.67,0.15,d78_seed637016530_svd,2026-02-21T00:00:51.600679,9.957746505737305
78,637016530,knni,0.767,0.241,d78_seed637016530_svd,2026-02-21T00:00:51.600679,9.957746505737305
78,637016530,knni td,0.729,0.239,d78_seed637016530_svd,2026-02-21T00:00:51.600679,9.957746505737305
78,637016530,knni mmr,0.675,0.152,d78_seed637016530_svd,2026-02-21T00:00:51.600679,9.957746505737305
78,637016530,svd,0.777,0.242,d78_seed637016530_svd,2026-02-21T00:00:51.600679,9.957746505737305
78,637016530,svd td,0.685,0.255,d78_seed637016530_svd,2026-02-21T00:00:51.600679,9.957746505737305
78,637016530,svd mmr,0.581,0.221,d78_seed637016530_svd,2026-02-21T00:00:51.600679,9.957746505737305
78,835817041,knnu,0.822,0.234,d78_seed835817041_svd,2026-02-21T00:01:01.538554,9.93438196182251
78,835817041,knnu td,0.601,0.236,d78_seed835817041_svd,2026-02-21T00:01:01.538554,9.93438196182251
78,835817041,knnu mmr,0.67,0.15,d78_seed835817041_svd,2026-02-21T00:01:01.538554,9.93438196182251
78,835817041,knni,0.767,0.241,d78_seed835817041_svd,2026-02-21T00:01:01.538554,9.93438196182251
78,835817041,knni td,0.729,0.239,d78_seed835817041_svd,2026-02-21T00:01:01.538554,9.93438196182251
78,835817041,knni mmr,0.675,0.152,d78_seed835817041_svd,2026-02-21T00:01:01.538554,9.93438196182251
78,835817041,svd,0.777,0.242,d78_seed835817041_svd,2026-02-21T00:01:01.538554,9.93438196182251
78,835817041,svd td,0.685,0.255,d78_seed835817041_svd,2026-02-21T00:01:01.538554,9.93438196182251
78,835817041,svd mmr,0.581,0.221,d78_seed835817041_svd,2026-02-21T00:01:01.538554,9.93438196182251
78,719958201,knnu,0.822,0.234,d78_seed719958201_svd,2026-02-21T00:01:11.471387,9.929178476333618
78,719958201,knnu td,0.601,0.236,d78_seed719958201_svd,2026-02-21T00:01:11.471387,9.929178476333618
78,719958201,knnu mmr,0.67,0.15,d78_seed719958201_svd,2026-02-21T00:01:11.471387,9.929178476333618
78,719958201,knni,0.767,0.241,d78_seed719958201_svd,2026-02-21T00:01:11.471387,9.929178476333618
78,719958201,knni td,0.729,0.239,d78_seed719958201_svd,2026-02-21T00:01:11.471387,9.929178476333618
78,719958201,knni mmr,0.675,0.152,d78_seed719958201_svd,2026-02-21T00:01:11.471387,9.929178476333618
78,719958201,svd,0.777,0.242,d78_seed719958201_svd,2026-02-21T00:01:11.471387,9.929178476333618
78,719958201,svd td,0.685,0.255,d78_seed719958201_svd,2026-02-21T00:01:11.471387,9.929178476333618
78,719958201,svd mmr,0.581,0.221,d78_seed719958201_svd,2026-02-21T00:01:11.471387,9.929178476333618
78,2004394224,knnu,0.822,0.234,d78_seed2004394224_svd,2026-02-21T00:01:21.315391,9.842024326324463
78,2004394224,knnu td,0.601,0.236,d78_seed2004394224_svd,2026-02-21T00:01:21.315391,9.842024326324463
78,2004394224,knnu mmr,0.67,0.15,d78_seed2004394224_svd,2026-02-21T00:01:21.315391,9.842024326324463
78,2004394224,knni,0.767,0.241,d78_seed2004394224_svd,2026-02-21T00:01:21.315391,9.842024326324463
78,2004394224,knni td,0.729,0.239,d78_seed2004394224_svd,2026-02-21T00:01:21.315391,9.842024326324463
78,2004394224,knni mmr,0.675,0.152,d78_seed2004394224_svd,2026-02-21T00:01:21.315391,9.842024326324463
78,2004394224,svd,0.777,0.242,d78_seed2004394224_svd,2026-02-21T00:01:21.315391,9.842024326324463
78,2004394224,svd td,0.685,0.255,d78_seed2004394224_svd,2026-02-21T00:01:21.315391,9.842024326324463
78,2004394224,svd mmr,0.581,0.221,d78_seed2004394224_svd,2026-02-21T00:01:21.315391,9.842024326324463
78,1047637579,knnu,0.822,0.234,d78_seed1047637579_svd,2026-02-21T00:01:31.254845,9.924341440200806
78,1047637579,knnu td,0.601,0.236,d78_seed1047637579_svd,2026-02-21T00:01:31.254845,9.924341440200806
78,1047637579,knnu mmr,0.67,0.15,d78_seed1047637579_svd,2026-02-21T00:01:31.254845,9.924341440200806
78,1047637579,knni,0.767,0.241,d78_seed1047637579_svd,2026-02-21T00:01:31.254845,9.924341440200806
78,1047637579,knni td,0.729,0.239,d78_seed1047637579_svd,2026-02-21T00:01:31.254845,9.924341440200806
78,1047637579,knni mmr,0.675,0.152,d78_seed1047637579_svd,2026-02-21T00:01:31.254845,9.924341440200806
78,1047637579,svd,0.777,0.242,d78_seed1047637579_svd,2026-02-21T00:01:31.254845,9.924341440200806
78,1047637579,svd td,0.685,0.255,d78_seed1047637579_svd,2026-02-21T00:01:31.254845,9.924341440200806
78,1047637579,svd mmr,0.581,0.221,d78_seed1047637579_svd,2026-02-21T00:01:31.254845,9.924341440200806
83,358056291,knnu,0.822,0.234,d83_seed358056291_svd,2026-02-21T00:01:41.281178,9.997212409973145
83,358056291,knnu td,0.601,0.236,d83_seed358056291_svd,2026-02-21T00:01:41.281178,9.997212409973145
83,358056291,knnu mmr,0.671,0.151,d83_seed358056291_svd,2026-02-21T00:01:41.281178,9.997212409973145
83,358056291,knni,0.767,0.241,d83_seed358056291_svd,2026-02-21T00:01:41.281178,9.997212409973145
83,358056291,knni td,0.729,0.239,d83_seed358056291_svd,2026-02-21T00:01:41.281178,9.997212409973145
83,358056291,knni mmr,0.675,0.152,d83_seed358056291_svd,2026-02-21T00:01:41.281178,9.997212409973145
83,358056291,svd,0.777,0.242,d83_seed358056291_svd,2026-02-21T00:01:41.281178,9.997212409973145
83,358056291,svd td,0.685,0.255,d83_seed358056291_svd,2026-02-21T00:01:41.281178,9.997212409973145
83,358056291,svd mmr,0.581,0.221,d83_seed358056291_svd,2026-02-21T00:01:41.281178,9.997212409973145
83,1576296115,knnu,0.822,0.234,d83_seed1576296115_svd,2026-02-21T00:01:51.171342,9.890164375305176
83,1576296115,knnu td,0.601,0.236,d83_seed1576296115_svd,2026-02-21T00:01:51.171342,9.890164375305176
83,1576296115,knnu mmr,0.671,0.151,d83_seed1576296115_svd,2026-02-21T00:01:51.171342,9.890164375305176
83,1576296115,knni,0.767,0.241,d83_seed1576296115_svd,2026-02-21T00:01:51.171342,9.890164375305176
83,1576296115,knni td,0.729,0.239,d83_seed1576296115_svd,2026-02-21T00:01:51.171342,9.890164375305176
83,1576296115,knni mmr,0.675,0.152,d83_seed1576296115_svd,2026-02-21T00:01:51.171342,9.890164375305176
83,1576296115,svd,0.777,0.242,d83_seed1576296115_svd,2026-02-21T00:01:51.171342,9.890164375305176
83,1576296115,svd td,0.685,0.255,d83_seed1576296115_svd,2026-02-21T00:01:51.171342,9.890164375305176
83,1576296115,svd mmr,0.581,0.221,d83_seed1576296115_svd,2026-02-21T00:01:51.171342,9.890164375305176
83,1631363395,knnu,0.822,0.234,d83_seed1631363395_svd,2026-02-21T00:02:01.143930,9.95784330368042
83,1631363395,knnu td,0.601,0.236,d83_seed1631363395_svd,2026-02-21T00:02:01.143930,9.95784330368042
83,1631363395,knnu mmr,0.671,0.151,d83_seed1631363395_svd,2026-02-21T00:02:01.143930,9.95784330368042
83,1631363395,knni,0.767,0.241,d83_seed1631363395_svd,2026-02-21T00:02:01.143930,9.95784330368042
83,1631363395,knni td,0.729,0.239,d83_seed1631363395_svd,2026-02-21T00:02:01.143930,9.95784330368042
83,1631363395,knni mmr,0.675,0.152,d83_seed1631363395_svd,2026-02-21T00:02:01.143930,9.95784330368042
83,1631363395,svd,0.777,0.242,d83_seed1631363395_svd,2026-02-21T00:02:01.143930,9.95784330368042
83,1631363395,svd td,0.685,0.255,d83_seed1631363395_svd,2026-02-21T00:02:01.143930,9.95784330368042
83,1631363395,svd mmr,0.581,0.221,d83_seed1631363395_svd,2026-02-21T00:02:01.143930,9.95784330368042
83,169153558,knnu,0.822,0.234,d83_seed169153558_svd,2026-02-21T00:02:10.886331,9.724443197250366
83,169153558,knnu td,0.601,0.236,d83_seed169153558_svd,2026-02-21T00:02:10.886331,9.724443197250366
83,169153558,knnu mmr,0.671,0.151,d83_seed169153558_svd,2026-02-21T00:02:10.886331,9.724443197250366
83,169153558,knni,0.767,0.241,d83_seed169153558_svd,2026-02-21T00:02:10.886331,9.724443197250366
83,169153558,knni td,0.729,0.239,d83_seed169153558_svd,2026-02-21T00:02:10.886331,9.724443197250366
83,169153558,knni mmr,0.675,0.152,d83_seed169153558_svd,2026-02-21T00:02:10.886331,9.724443197250366
83,169153558,svd,0.777,0.242,d83_seed169153558_svd,2026-02-21T00:02:10.886331,9.724443197250366
83,169153558,svd td,0.685,0.255,d83_seed169153558_svd,2026-02-21T00:02:10.886331,9.724443197250366
83,169153558,svd mmr,0.581,0.221,d83_seed169153558_svd,2026-02-21T00:02:10.886331,9.724443197250366
83,690066093,knnu,0.822,0.234,d83_seed690066093_svd,2026-02-21T00:02:20.793046,9.904709577560425
83,690066093,knnu td,0.601,0.236,d83_seed690066093_svd,2026-02-21T00:02:20.793046,9.904709577560425
83,690066093,knnu mmr,0.671,0.151,d83_seed690066093_svd,2026-02-21T00:02:20.793046,9.904709577560425
83,690066093,knni,0.767,0.241,d83_seed690066093_svd,2026-02-21T00:02:20.793046,9.904709577560425
83,690066093,knni td,0.729,0.239,d83_seed690066093_svd,2026-02-21T00:02:20.793046,9.904709577560425
83,690066093,knni mmr,0.675,0.152,d83_seed690066093_svd,2026-02-21T00:02:20.793046,9.904709577560425
83,690066093,svd,0.777,0.242,d83_seed690066093_svd,2026-02-21T00:02:20.793046,9.904709577560425
83,690066093,svd td,0.685,0.255,d83_seed690066093_svd,2026-02-21T00:02:20.793046,9.904709577560425
83,690066093,svd mmr,0.581,0.221,d83_seed690066093_svd,2026-02-21T00:02:20.793046,9.904709577560425
83,1098655442,knnu,0.822,0.234,d83_seed1098655442_svd,2026-02-21T00:02:30.873091,10.045516014099121
83,1098655442,knnu td,0.601,0.236,d83_seed1098655442_svd,2026-02-21T00:02:30.873091,10.045516014099121
83,1098655442,knnu mmr,0.671,0.151,d83_seed1098655442_svd,2026-02-21T00:02:30.873091,10.045516014099121
83,1098655442,knni,0.767,0.241,d83_seed1098655442_svd,2026-02-21T00:02:30.873091,10.045516014099121
83,1098655442,knni td,0.729,0.239,d83_seed1098655442_svd,2026-02-21T00:02:30.873091,10.045516014099121
83,1098655442,knni mmr,0.675,0.152,d83_seed1098655442_svd,2026-02-21T00:02:30.873091,10.045516014099121
83,1098655442,svd,0.777,0.242,d83_seed1098655442_svd,2026-02-21T00:02:30.873091,10.045516014099121
83,1098655442,svd td,0.685,0.255,d83_seed1098655442_svd,2026-02-21T00:02:30.873091,10.045516014099121
83,1098655442,svd mmr,0.581,0.221,d83_seed1098655442_svd,2026-02-21T00:02:30.873091,10.045516014099121
83,633259162,knnu,0.822,0.234,d83_seed633259162_svd,2026-02-21T00:02:40.867935,9.991633653640747
83,633259162,knnu td,0.601,0.236,d83_seed633259162_svd,2026-02-21T00:02:40.867935,9.991633653640747
83,633259162,knnu mmr,0.671,0.151,d83_seed633259162_svd,2026-02-21T00:02:40.867935,9.991633653640747
83,633259162,knni,0.767,0.241,d83_seed633259162_svd,2026-02-21T00:02:40.867935,9.991633653640747
83,633259162,knni td,0.729,0.239,d83_seed633259162_svd,2026-02-21T00:02:40.867935,9.991633653640747
83,633259162,knni mmr,0.675,0.152,d83_seed633259162_svd,2026-02-21T00:02:40.867935,9.991633653640747
83,633259162,svd,0.777,0.242,d83_seed633259162_svd,2026-02-21T00:02:40.867935,9.991633653640747
83,633259162,svd td,0.685,0.255,d83_seed633259162_svd,2026-02-21T00:02:40.867935,9.991633653640747
83,633259162,svd mmr,0.581,0.221,d83_seed633259162_svd,2026-02-21T00:02:40.867935,9.991633653640747
83,2047321531,knnu,0.822,0.234,d83_seed2047321531_svd,2026-02-21T00:02:51.212812,10.342503547668457
83,2047321531,knnu td,0.601,0.236,d83_seed2047321531_svd,2026-02-21T00:02:51.212812,10.342503547668457
83,2047321531,knnu mmr,0.671,0.151,d83_seed2047321531_svd,2026-02-21T00:02:51.212812,10.342503547668457
83,2047321531,knni,0.767,0.241,d83_seed2047321531_svd,2026-02-21T00:02:51.212812,10.342503547668457
83,2047321531,knni td,0.729,0.239,d83_seed2047321531_svd,2026-02-21T00:02:51.212812,10.342503547668457
83,2047321531,knni mmr,0.675,0.152,d83_seed2047321531_svd,2026-02-21T00:02:51.212812,10.342503547668457
83,2047321531,svd,0.777,0.242,d83_seed2047321531_svd,2026-02-21T00:02:51.212812,10.342503547668457
83,2047321531,svd td,0.685,0.255,d83_seed2047321531_svd,2026-02-21T00:02:51.212812,10.342503547668457
83,2047321531,svd mmr,0.581,0.221,d83_seed2047321531_svd,2026-02-21T00:02:51.212812,10.342503547668457
83,527024918,knnu,0.822,0.234,d83_seed527024918_svd,2026-02-21T00:03:02.060070,10.845033168792725
83,527024918,knnu td,0.601,0.236,d83_seed527024918_svd,2026-02-21T00:03:02.060070,10.845033168792725
83,527024918,knnu mmr,0.671,0.151,d83_seed527024918_svd,2026-02-21T00:03:02.060070,10.845033168792725
83,527024918,knni,0.767,0.241,d83_seed527024918_svd,2026-02-21T00:03:02.060070,10.845033168792725
83,527024918,knni td,0.729,0.239,d83_seed527024918_svd,2026-02-21T00:03:02.060070,10.845033168792725
83,527024918,knni mmr,0.675,0.152,d83_seed527024918_svd,2026-02-21T00:03:02.060070,10.845033168792725
83,527024918,svd,0.777,0.242,d83_seed527024918_svd,2026-02-21T00:03:02.060070,10.845033168792725
83,527024918,svd td,0.685,0.255,d83_seed527024918_svd,2026-02-21T00:03:02.060070,10.845033168792725
83,527024918,svd mmr,0.581,0.221,d83_seed527024918_svd,2026-02-21T00:03:02.060070,10.845033168792725
83,1317587706,knnu,0.822,0.234,d83_seed1317587706_svd,2026-02-21T00:03:12.699270,10.636223554611206
83,1317587706,knnu td,0.601,0.236,d83_seed1317587706_svd,2026-02-21T00:03:12.699270,10.636223554611206
83,1317587706,knnu mmr,0.671,0.151,d83_seed1317587706_svd,2026-02-21T00:03:12.699270,10.636223554611206
83,1317587706,knni,0.767,0.241,d83_seed1317587706_svd,2026-02-21T00:03:12.699270,10.636223554611206
83,1317587706,knni td,0.729,0.239,d83_seed1317587706_svd,2026-02-21T00:03:12.699270,10.636223554611206
83,1317587706,knni mmr,0.675,0.152,d83_seed1317587706_svd,2026-02-21T00:03:12.699270,10.636223554611206
83,1317587706,svd,0.777,0.242,d83_seed1317587706_svd,2026-02-21T00:03:12.699270,10.636223554611206
83,1317587706,svd td,0.685,0.255,d83_seed1317587706_svd,2026-02-21T00:03:12.699270,10.636223554611206
83,1317587706,svd mmr,0.581,0.221,d83_seed1317587706_svd,2026-02-21T00:03:12.699270,10.636223554611206
83,1036723065,knnu,0.822,0.234,d83_seed1036723065_svd,2026-02-21T00:03:23.283620,10.55485486984253
83,1036723065,knnu td,0.601,0.236,d83_seed1036723065_svd,2026-02-21T00:03:23.283620,10.55485486984253
83,1036723065,knnu mmr,0.671,0.151,d83_seed1036723065_svd,2026-02-21T00:03:23.283620,10.55485486984253
83,1036723065,knni,0.767,0.241,d83_seed1036723065_svd,2026-02-21T00:03:23.283620,10.55485486984253
83,1036723065,knni td,0.729,0.239,d83_seed1036723065_svd,2026-02-21T00:03:23.283620,10.55485486984253
83,1036723065,knni mmr,0.675,0.152,d83_seed1036723065_svd,2026-02-21T00:03:23.283620,10.55485486984253
83,1036723065,svd,0.777,0.242,d83_seed1036723065_svd,2026-02-21T00:03:23.283620,10.55485486984253
83,1036723065,svd td,0.685,0.255,d83_seed1036723065_svd,2026-02-21T00:03:23.283620,10.55485486984253
83,1036723065,svd mmr,0.581,0.221,d83_seed1036723065_svd,2026-02-21T00:03:23.283620,10.55485486984253
83,423235947,knnu,0.822,0.234,d83_seed423235947_svd,2026-02-21T00:03:33.638497,10.352141618728638
83,423235947,knnu td,0.601,0.236,d83_seed423235947_svd,2026-02-21T00:03:33.638497,10.352141618728638
83,423235947,knnu mmr,0.671,0.151,d83_seed423235947_svd,2026-02-21T00:03:33.638497,10.352141618728638
83,423235947,knni,0.767,0.241,d83_seed423235947_svd,2026-02-21T00:03:33.638497,10.352141618728638
83,423235947,knni td,0.729,0.239,d83_seed423235947_svd,2026-02-21T00:03:33.638497,10.352141618728638
83,423235947,knni mmr,0.675,0.152,d83_seed423235947_svd,2026-02-21T00:03:33.638497,10.352141618728638
83,423235947,svd,0.777,0.242,d83_seed423235947_svd,2026-02-21T00:03:33.638497,10.352141618728638
83,423235947,svd td,0.685,0.255,d83_seed423235947_svd,2026-02-21T00:03:33.638497,10.352141618728638
83,423235947,svd mmr,0.581,0.221,d83_seed423235947_svd,2026-02-21T00:03:33.638497,10.352141618728638
83,677482947,knnu,0.822,0.234,d83_seed677482947_svd,2026-02-21T00:03:43.799891,10.155328273773193
83,677482947,knnu td,0.601,0.236,d83_seed677482947_svd,2026-02-21T00:03:43.799891,10.155328273773193
83,677482947,knnu mmr,0.671,0.151,d83_seed677482947_svd,2026-02-21T00:03:43.799891,10.155328273773193
83,677482947,knni,0.767,0.241,d83_seed677482947_svd,2026-02-21T00:03:43.799891,10.155328273773193
83,677482947,knni td,0.729,0.239,d83_seed677482947_svd,2026-02-21T00:03:43.799891,10.155328273773193
83,677482947,knni mmr,0.675,0.152,d83_seed677482947_svd,2026-02-21T00:03:43.799891,10.155328273773193
83,677482947,svd,0.777,0.242,d83_seed677482947_svd,2026-02-21T00:03:43.799891,10.155328273773193
83,677482947,svd td,0.685,0.255,d83_seed677482947_svd,2026-02-21T00:03:43.799891,10.155328273773193
83,677482947,svd mmr,0.581,0.221,d83_seed677482947_svd,2026-02-21T00:03:43.799891,10.155328273773193
83,1492746576,knnu,0.822,0.234,d83_seed1492746576_svd,2026-02-21T00:03:54.777662,10.969754934310913
83,1492746576,knnu td,0.601,0.236,d83_seed1492746576_svd,2026-02-21T00:03:54.777662,10.969754934310913
83,1492746576,knnu mmr,0.671,0.151,d83_seed1492746576_svd,2026-02-21T00:03:54.777662,10.969754934310913
83,1492746576,knni,0.767,0.241,d83_seed1492746576_svd,2026-02-21T00:03:54.777662,10.969754934310913
83,1492746576,knni td,0.729,0.239,d83_seed1492746576_svd,2026-02-21T00:03:54.777662,10.969754934310913
83,1492746576,knni mmr,0.675,0.152,d83_seed1492746576_svd,2026-02-21T00:03:54.777662,10.969754934310913
83,1492746576,svd,0.777,0.242,d83_seed1492746576_svd,2026-02-21T00:03:54.777662,10.969754934310913
83,1492746576,svd td,0.685,0.255,d83_seed1492746576_svd,2026-02-21T00:03:54.777662,10.969754934310913
83,1492746576,svd mmr,0.581,0.221,d83_seed1492746576_svd,2026-02-21T00:03:54.777662,10.969754934310913
83,239209755,knnu,0.822,0.234,d83_seed239209755_svd,2026-02-21T00:04:05.309588,10.527705192565918
83,239209755,knnu td,0.601,0.236,d83_seed239209755_svd,2026-02-21T00:04:05.309588,10.527705192565918
83,239209755,knnu mmr,0.671,0.151,d83_seed239209755_svd,2026-02-21T00:04:05.309588,10.527705192565918
83,239209755,knni,0.767,0.241,d83_seed239209755_svd,2026-02-21T00:04:05.309588,10.527705192565918
83,239209755,knni td,0.729,0.239,d83_seed239209755_svd,2026-02-21T00:04:05.309588,10.527705192565918
83,239209755,knni mmr,0.675,0.152,d83_seed239209755_svd,2026-02-21T00:04:05.309588,10.527705192565918
83,239209755,svd,0.777,0.242,d83_seed239209755_svd,2026-02-21T00:04:05.309588,10.527705192565918
83,239209755,svd td,0.685,0.255,d83_seed239209755_svd,2026-02-21T00:04:05.309588,10.527705192565918
83,239209755,svd mmr,0.581,0.221,d83_seed239209755_svd,2026-02-21T00:04:05.309588,10.527705192565918
83,637016530,knnu,0.822,0.234,d83_seed637016530_svd,2026-02-21T00:04:16.256247,10.902759790420532
83,637016530,knnu td,0.601,0.236,d83_seed637016530_svd,2026-02-21T00:04:16.256247,10.902759790420532
83,637016530,knnu mmr,0.671,0.151,d83_seed637016530_svd,2026-02-21T00:04:16.256247,10.902759790420532
83,637016530,knni,0.767,0.241,d83_seed637016530_svd,2026-02-21T00:04:16.256247,10.902759790420532
83,637016530,knni td,0.729,0.239,d83_seed637016530_svd,2026-02-21T00:04:16.256247,10.902759790420532
83,637016530,knni mmr,0.675,0.152,d83_seed637016530_svd,2026-02-21T00:04:16.256247,10.902759790420532
83,637016530,svd,0.777,0.242,d83_seed637016530_svd,2026-02-21T00:04:16.256247,10.902759790420532
83,637016530,svd td,0.685,0.255,d83_seed637016530_svd,2026-02-21T00:04:16.256247,10.902759790420532
83,637016530,svd mmr,0.581,0.221,d83_seed637016530_svd,2026-02-21T00:04:16.256247,10.902759790420532
83,835817041,knnu,0.822,0.234,d83_seed835817041_svd,2026-02-21T00:04:26.676108,10.417855978012085
83,835817041,knnu td,0.601,0.236,d83_seed835817041_svd,2026-02-21T00:04:26.676108,10.417855978012085
83,835817041,knnu mmr,0.671,0.151,d83_seed835817041_svd,2026-02-21T00:04:26.676108,10.417855978012085
83,835817041,knni,0.767,0.241,d83_seed835817041_svd,2026-02-21T00:04:26.676108,10.417855978012085
83,835817041,knni td,0.729,0.239,d83_seed835817041_svd,2026-02-21T00:04:26.676108,10.417855978012085
83,835817041,knni mmr,0.675,0.152,d83_seed835817041_svd,2026-02-21T00:04:26.676108,10.417855978012085
83,835817041,svd,0.777,0.242,d83_seed835817041_svd,2026-02-21T00:04:26.676108,10.417855978012085
83,835817041,svd td,0.685,0.255,d83_seed835817041_svd,2026-02-21T00:04:26.676108,10.417855978012085
83,835817041,svd mmr,0.581,0.221,d83_seed835817041_svd,2026-02-21T00:04:26.676108,10.417855978012085
83,719958201,knnu,0.822,0.234,d83_seed719958201_svd,2026-02-21T00:04:37.116007,10.430855989456177
83,719958201,knnu td,0.601,0.236,d83_seed719958201_svd,2026-02-21T00:04:37.116007,10.430855989456177
83,719958201,knnu mmr,0.671,0.151,d83_seed719958201_svd,2026-02-21T00:04:37.116007,10.430855989456177
83,719958201,knni,0.767,0.241,d83_seed719958201_svd,2026-02-21T00:04:37.116007,10.430855989456177
83,719958201,knni td,0.729,0.239,d83_seed719958201_svd,2026-02-21T00:04:37.116007,10.430855989456177
83,719958201,knni mmr,0.675,0.152,d83_seed719958201_svd,2026-02-21T00:04:37.116007,10.430855989456177
83,719958201,svd,0.777,0.242,d83_seed719958201_svd,2026-02-21T00:04:37.116007,10.430855989456177
83,719958201,svd td,0.685,0.255,d83_seed719958201_svd,2026-02-21T00:04:37.116007,10.430855989456177
83,719958201,svd mmr,0.581,0.221,d83_seed719958201_svd,2026-02-21T00:04:37.116007,10.430855989456177
83,2004394224,knnu,0.822,0.234,d83_seed2004394224_svd,2026-02-21T00:04:47.491078,10.372052431106567
83,2004394224,knnu td,0.601,0.236,d83_seed2004394224_svd,2026-02-21T00:04:47.491078,10.372052431106567
83,2004394224,knnu mmr,0.671,0.151,d83_seed2004394224_svd,2026-02-21T00:04:47.491078,10.372052431106567
83,2004394224,knni,0.767,0.241,d83_seed2004394224_svd,2026-02-21T00:04:47.491078,10.372052431106567
83,2004394224,knni td,0.729,0.239,d83_seed2004394224_svd,2026-02-21T00:04:47.491078,10.372052431106567
83,2004394224,knni mmr,0.675,0.152,d83_seed2004394224_svd,2026-02-21T00:04:47.491078,10.372052431106567
83,2004394224,svd,0.777,0.242,d83_seed2004394224_svd,2026-02-21T00:04:47.491078,10.372052431106567
83,2004394224,svd td,0.685,0.255,d83_seed2004394224_svd,2026-02-21T00:04:47.491078,10.372052431106567
83,2004394224,svd mmr,0.581,0.221,d83_seed2004394224_svd,2026-02-21T00:04:47.491078,10.372052431106567
83,1047637579,knnu,0.822,0.234,d83_seed1047637579_svd,2026-02-21T00:04:57.538244,10.038099765777588
83,1047637579,knnu td,0.601,0.236,d83_seed1047637579_svd,2026-02-21T00:04:57.538244,10.038099765777588
83,1047637579,knnu mmr,0.671,0.151,d83_seed1047637579_svd,2026-02-21T00:04:57.538244,10.038099765777588
83,1047637579,knni,0.767,0.241,d83_seed1047637579_svd,2026-02-21T00:04:57.538244,10.038099765777588
83,1047637579,knni td,0.729,0.239,d83_seed1047637579_svd,2026-02-21T00:04:57.538244,10.038099765777588
83,1047637579,knni mmr,0.675,0.152,d83_seed1047637579_svd,2026-02-21T00:04:57.538244,10.038099765777588
83,1047637579,svd,0.777,0.242,d83_seed1047637579_svd,2026-02-21T00:04:57.538244,10.038099765777588
83,1047637579,svd td,0.685,0.255,d83_seed1047637579_svd,2026-02-21T00:04:57.538244,10.038099765777588
83,1047637579,svd mmr,0.581,0.221,d83_seed1047637579_svd,2026-02-21T00:04:57.538244,10.038099765777588
