algorithm,n_users,gh_session_mean,gh_session_std,gh_global_mean,gh_global_std,std_reduction
svd,25,0.8205137119077651,0.2867797989331419,1.353702680292795,0.8117184435445832,0.6467004030599057
