algorithm,rmse,n_pairs,mean_rating_real,mean_score_pred
svd,0.6296637000711678,64,0.75,0.550673206084435
svd-topic-diversification,0.7507700861939587,220,0.6954545454545454,0.708915132363414
svd-mmr-diversification,0.8104156707150069,155,0.5806451612903226,0.6611550100819917
knn_user_user,0.8340576562282991,23,0.6521739130434783,1.0
knn_item_item,0.9888515205222768,232,0.3879310344827586,0.35928009583560316
knn_item_item-topic-diversification,1.0043350044442727,334,0.49700598802395207,0.7107831191690089
knn_item_item-mmr-diversification,1.0429140523583846,168,0.42857142857142855,0.8634301314926185
knn_user_user-mmr-diversification,1.120335726272023,109,0.3853211009174312,0.8994686393004843
knn_user_user-topic-diversification,1.4001409327270316,506,0.025691699604743084,0.9021966853184458
